center,time,steering
data/IMG/1.jpg,75250,0.0
data/IMG/2.jpg,75400,0.0
data/IMG/3.jpg,75800,0.0
data/IMG/4.jpg,76250,0.0
data/IMG/5.jpg,76650,0.0
data/IMG/6.jpg,77000,0.0
data/IMG/7.jpg,77350,0.0
data/IMG/8.jpg,77800,0.0
data/IMG/9.jpg,78250,0.0
data/IMG/10.jpg,78700,0.0
data/IMG/11.jpg,79050,0.0
data/IMG/12.jpg,79500,0.0
data/IMG/13.jpg,79900,0.0
data/IMG/14.jpg,80300,0.0
data/IMG/15.jpg,80650,0.0
data/IMG/16.jpg,81050,0.0
data/IMG/17.jpg,81400,0.0
data/IMG/18.jpg,81800,0.0
data/IMG/19.jpg,82200,0.0
data/IMG/20.jpg,82600,0.0
data/IMG/21.jpg,82950,0.0
data/IMG/22.jpg,83350,0.0
data/IMG/23.jpg,83800,0.0
data/IMG/24.jpg,84200,0.0
data/IMG/25.jpg,84650,0.0
data/IMG/26.jpg,85000,0.0
data/IMG/27.jpg,85450,0.0
data/IMG/28.jpg,85850,0.0
data/IMG/29.jpg,86250,0.0
data/IMG/30.jpg,86650,0.0
data/IMG/31.jpg,87000,0.0
data/IMG/32.jpg,87400,0.0
data/IMG/33.jpg,87800,0.0
data/IMG/34.jpg,88200,0.0
data/IMG/35.jpg,88700,0.0
data/IMG/36.jpg,89100,0.0
data/IMG/37.jpg,89500,0.0
data/IMG/38.jpg,89850,0.0
data/IMG/39.jpg,90250,0.0
data/IMG/40.jpg,90650,0.0
data/IMG/41.jpg,91100,0.0
data/IMG/42.jpg,91500,0.0
data/IMG/43.jpg,91950,0.0
data/IMG/44.jpg,92350,0.0
data/IMG/45.jpg,92750,0.0
data/IMG/46.jpg,93100,0.0
data/IMG/47.jpg,93450,0.0
data/IMG/48.jpg,93800,0.0
data/IMG/49.jpg,94200,0.0
data/IMG/50.jpg,94600,0.0
data/IMG/51.jpg,95000,0.0
data/IMG/52.jpg,95400,0.0
data/IMG/53.jpg,95750,0.0
data/IMG/54.jpg,96150,0.0
data/IMG/55.jpg,96550,0.0
data/IMG/56.jpg,96900,0.0
data/IMG/57.jpg,97300,0.0
data/IMG/58.jpg,97650,0.0
data/IMG/59.jpg,98100,0.0
data/IMG/60.jpg,98500,0.0
data/IMG/61.jpg,98800,0.171240158379
data/IMG/62.jpg,99200,0.101898897439
data/IMG/63.jpg,99650,0.0267751738429
data/IMG/64.jpg,100000,-0.0
data/IMG/65.jpg,100350,-0.0
data/IMG/66.jpg,100750,-0.0
data/IMG/67.jpg,101100,-0.0
data/IMG/68.jpg,101500,-0.0
data/IMG/69.jpg,101900,-0.0
data/IMG/70.jpg,102200,-0.0
data/IMG/71.jpg,102550,-0.0
data/IMG/72.jpg,102900,-0.00518734334037
data/IMG/73.jpg,103250,-0.0340996161103
data/IMG/74.jpg,103650,-0.0572294332087
data/IMG/75.jpg,104000,-0.0572294332087
data/IMG/76.jpg,104400,-0.0572294332087
data/IMG/77.jpg,104800,-0.0572294332087
data/IMG/78.jpg,105200,-0.0398820703849
data/IMG/79.jpg,105600,-0.0398820703849
data/IMG/80.jpg,105950,-0.0225347061642
data/IMG/81.jpg,106300,-0.0
data/IMG/82.jpg,106700,-0.0
data/IMG/83.jpg,107050,-0.0
data/IMG/84.jpg,107450,-0.0
data/IMG/85.jpg,107850,0.0
data/IMG/86.jpg,108250,0.00942781032063
data/IMG/87.jpg,108600,-0.0
data/IMG/88.jpg,108950,-0.0
data/IMG/89.jpg,109350,-0.0
data/IMG/90.jpg,109700,-0.0
data/IMG/91.jpg,110100,-0.0
data/IMG/92.jpg,110550,-0.0
data/IMG/93.jpg,110900,-0.0
data/IMG/94.jpg,111300,-0.0
data/IMG/95.jpg,111700,-0.0
data/IMG/96.jpg,112100,-0.0
data/IMG/97.jpg,112450,-0.0
data/IMG/98.jpg,112800,-0.0
data/IMG/99.jpg,113200,-0.0
data/IMG/100.jpg,113550,-0.0
data/IMG/101.jpg,113900,-0.0
data/IMG/102.jpg,114300,-0.0
data/IMG/103.jpg,114650,-0.0
data/IMG/104.jpg,115000,-0.0
data/IMG/105.jpg,115400,-0.0
data/IMG/106.jpg,115750,-0.0
data/IMG/107.jpg,116150,-0.0
data/IMG/108.jpg,116500,-0.0
data/IMG/109.jpg,116900,-0.0
data/IMG/110.jpg,117300,-0.0
data/IMG/111.jpg,117700,-0.0
data/IMG/112.jpg,118100,-0.0
data/IMG/113.jpg,118500,-0.0
data/IMG/114.jpg,118850,-0.0
data/IMG/115.jpg,119200,-0.0
data/IMG/116.jpg,119650,-0.0
data/IMG/117.jpg,120000,-0.0
data/IMG/118.jpg,120400,-0.0
data/IMG/119.jpg,120800,-0.0
data/IMG/120.jpg,121150,-0.0
data/IMG/121.jpg,121550,-0.0
data/IMG/122.jpg,121900,0.00364535569679
data/IMG/123.jpg,122250,0.0267751738429
data/IMG/124.jpg,122650,0.0556392576545
data/IMG/125.jpg,123050,0.0729866232723
data/IMG/126.jpg,123400,0.0903339833021
data/IMG/127.jpg,123800,0.165457706898
data/IMG/128.jpg,124200,0.182805072516
data/IMG/129.jpg,124600,0.200152426958
data/IMG/130.jpg,124900,0.217499792576
data/IMG/131.jpg,125300,0.234798967838
data/IMG/132.jpg,125700,0.252146333456
data/IMG/133.jpg,126100,0.252146333456
data/IMG/134.jpg,126500,0.27527616173
data/IMG/135.jpg,126900,0.27527616173
data/IMG/136.jpg,127200,0.298405967653
data/IMG/137.jpg,127600,0.321487605572
data/IMG/138.jpg,127950,0.321487605572
data/IMG/139.jpg,128350,0.350399874151
data/IMG/140.jpg,128650,0.37931214273
data/IMG/141.jpg,129000,0.408176243305
data/IMG/142.jpg,129400,0.431306049228
data/IMG/143.jpg,129800,0.448653414845
data/IMG/144.jpg,130150,0.471783220768
data/IMG/145.jpg,130500,0.500647321343
data/IMG/146.jpg,130800,0.581601664424
data/IMG/147.jpg,131250,0.604683324695
data/IMG/148.jpg,131650,0.67985522747
data/IMG/149.jpg,132000,0.697154402733
data/IMG/150.jpg,132400,0.720284208655
data/IMG/151.jpg,132750,0.720284208655
data/IMG/152.jpg,133100,0.737631574273
data/IMG/153.jpg,133550,0.737631574273
data/IMG/154.jpg,133950,0.824320167303
data/IMG/155.jpg,134350,0.847450017929
data/IMG/156.jpg,134750,0.8705316782
data/IMG/157.jpg,135100,0.8705316782
data/IMG/158.jpg,135450,0.887879043818
data/IMG/159.jpg,135850,0.824320167303
data/IMG/160.jpg,136300,0.754978895187
data/IMG/161.jpg,136650,0.72606664896
data/IMG/162.jpg,137000,0.656725376844
data/IMG/163.jpg,137350,0.633595570922
data/IMG/164.jpg,137750,0.558471858501
data/IMG/165.jpg,138050,0.529559567571
data/IMG/166.jpg,138450,0.506429761648
data/IMG/167.jpg,138850,0.483348146081
data/IMG/168.jpg,139250,0.460218340158
data/IMG/169.jpg,139650,0.373529680073
data/IMG/170.jpg,140000,0.350399874151
data/IMG/171.jpg,140450,0.315705142915
data/IMG/172.jpg,140850,0.292623504996
data/IMG/173.jpg,141250,0.292623504996
data/IMG/174.jpg,141600,0.263711236417
data/IMG/175.jpg,141950,0.263711236417
data/IMG/176.jpg,142300,0.234798967838
data/IMG/177.jpg,142700,0.211717329919
data/IMG/178.jpg,143100,0.182805072516
data/IMG/179.jpg,143500,0.153892792761
data/IMG/180.jpg,143900,0.0787690747529
data/IMG/181.jpg,144250,0.0440743491054
data/IMG/182.jpg,144550,0.0209927195683
data/IMG/183.jpg,144950,-0.0
data/IMG/184.jpg,145250,-0.0
data/IMG/185.jpg,145600,-0.0
data/IMG/186.jpg,146000,-0.0
data/IMG/187.jpg,146350,-0.0
data/IMG/188.jpg,146750,-0.0340996161103
data/IMG/189.jpg,147100,-0.0572294332087
data/IMG/190.jpg,147500,-0.149700522423
data/IMG/191.jpg,147900,-0.184347052127
data/IMG/192.jpg,148250,-0.242171600461
data/IMG/193.jpg,148600,-0.294165506959
data/IMG/194.jpg,149000,-0.317295312881
data/IMG/195.jpg,149400,-0.351941853762
data/IMG/196.jpg,149750,-0.427113756537
data/IMG/197.jpg,150100,-0.455977857113
data/IMG/198.jpg,150500,-0.438630491495
data/IMG/199.jpg,150900,-0.415548875928
data/IMG/200.jpg,151250,-0.271035678685
data/IMG/201.jpg,151650,-0.0
data/IMG/202.jpg,152050,-0.0
data/IMG/203.jpg,152400,-0.0
data/IMG/204.jpg,152800,-0.0
data/IMG/205.jpg,153150,0.00364535569679
data/IMG/206.jpg,153550,0.0267751738429
data/IMG/207.jpg,153900,0.0961164347827
data/IMG/208.jpg,154300,0.1134638004
data/IMG/209.jpg,154600,0.1423278898
data/IMG/210.jpg,154950,0.159675255418
data/IMG/211.jpg,155300,0.17702260986
data/IMG/212.jpg,155650,0.194369986653
data/IMG/213.jpg,156000,0.211717329919
data/IMG/214.jpg,156400,0.286841064692
data/IMG/215.jpg,156750,0.315705142915
data/IMG/216.jpg,157150,0.338834971189
data/IMG/217.jpg,157550,0.367747239769
data/IMG/218.jpg,157950,0.442870974541
data/IMG/219.jpg,158300,0.512212201953
data/IMG/220.jpg,158700,0.598900839686
data/IMG/221.jpg,159100,0.67985522747
data/IMG/222.jpg,159450,0.697154402733
data/IMG/223.jpg,159850,0.720284208655
data/IMG/224.jpg,160200,0.743414014578
data/IMG/225.jpg,160600,0.760761380196
data/IMG/226.jpg,160950,0.789625436068
data/IMG/227.jpg,161300,0.876314073801
data/IMG/228.jpg,161650,0.945703536272
data/IMG/229.jpg,162000,0.968785196543
data/IMG/230.jpg,162350,1.04969134927
data/IMG/231.jpg,162750,1.04969134927
data/IMG/232.jpg,163150,1.07282119989
data/IMG/233.jpg,163450,1.14216247201
data/IMG/234.jpg,163750,1.21733433008
data/IMG/235.jpg,164100,1.24619847536
data/IMG/236.jpg,164450,1.32137033343
data/IMG/237.jpg,164850,1.3444519937
data/IMG/238.jpg,165200,1.37336423993
data/IMG/239.jpg,165600,1.39071160555
data/IMG/240.jpg,165950,1.41957566142
data/IMG/241.jpg,166350,1.44848799706
data/IMG/242.jpg,166750,1.5
data/IMG/243.jpg,167100,1.5
data/IMG/244.jpg,167500,1.5
data/IMG/245.jpg,167850,1.5
data/IMG/246.jpg,168250,1.36179935932
data/IMG/247.jpg,168650,0.633595570922
data/IMG/248.jpg,169000,0.633595570922
data/IMG/249.jpg,169400,0.263711236417
data/IMG/250.jpg,169800,0.263711236417
data/IMG/251.jpg,170150,0.263711236417
data/IMG/252.jpg,170550,0.263711236417
data/IMG/253.jpg,170850,0.240581430495
data/IMG/254.jpg,171250,0.217499792576
data/IMG/255.jpg,171650,0.194369986653
data/IMG/256.jpg,171950,0.171240158379
data/IMG/257.jpg,172350,0.148110341281
data/IMG/258.jpg,172750,0.125028714538
data/IMG/259.jpg,173150,0.0961164347827
data/IMG/260.jpg,173500,0.0729866232723
data/IMG/261.jpg,173850,0.0498568061739
data/IMG/262.jpg,174200,0.0267751738429
data/IMG/263.jpg,174550,-0.0
data/IMG/264.jpg,174900,-0.0
data/IMG/265.jpg,175350,-0.0
data/IMG/266.jpg,175700,-0.0
data/IMG/267.jpg,176100,-0.0
data/IMG/268.jpg,176450,-0.0340996161103
data/IMG/269.jpg,176800,-0.0572294332087
data/IMG/270.jpg,177150,-0.166999697685
data/IMG/271.jpg,177500,-0.190129503608
data/IMG/272.jpg,177900,-0.219041772187
data/IMG/273.jpg,178300,-0.242171600461
data/IMG/274.jpg,178650,-0.271035678685
data/IMG/275.jpg,179000,-0.294165506959
data/IMG/276.jpg,179400,-0.317295312881
data/IMG/277.jpg,179850,-0.346159413457
data/IMG/278.jpg,180250,-0.369289219379
data/IMG/279.jpg,180600,-0.39820151031
data/IMG/280.jpg,181000,-0.427113756537
data/IMG/281.jpg,181400,-0.496455028653
data/IMG/282.jpg,181750,-0.519584834576
data/IMG/283.jpg,182150,-0.548448935151
data/IMG/284.jpg,182500,-0.600491032004
data/IMG/285.jpg,182900,-0.62935513258
data/IMG/286.jpg,183300,-0.652484938502
data/IMG/287.jpg,183700,-0.548448935151
data/IMG/288.jpg,184050,-0.479107663035
data/IMG/289.jpg,184400,-0.461760297418
data/IMG/290.jpg,184800,-0.43284805119
data/IMG/291.jpg,185200,-0.403983950615
data/IMG/292.jpg,185550,-0.30573040992
data/IMG/293.jpg,185950,-0.00518734334037
data/IMG/294.jpg,186350,-0.0
data/IMG/295.jpg,186700,-0.0
data/IMG/296.jpg,187100,-0.0
data/IMG/297.jpg,187450,-0.0
data/IMG/298.jpg,187850,-0.0
data/IMG/299.jpg,188200,-0.0
data/IMG/300.jpg,188600,-0.0
data/IMG/301.jpg,189000,-0.0
data/IMG/302.jpg,189350,-0.0
data/IMG/303.jpg,189750,-0.0
data/IMG/304.jpg,190100,-0.0
data/IMG/305.jpg,190500,-0.0
data/IMG/306.jpg,190850,-0.0
data/IMG/307.jpg,191250,-0.0
data/IMG/308.jpg,191600,-0.0
data/IMG/309.jpg,191950,-0.0
data/IMG/310.jpg,192350,-0.0
data/IMG/311.jpg,192650,-0.0
data/IMG/312.jpg,193100,-0.0
data/IMG/313.jpg,193450,-0.0
data/IMG/314.jpg,193900,-0.0
data/IMG/315.jpg,194250,-0.0
data/IMG/316.jpg,194700,-0.0
data/IMG/317.jpg,195050,-0.0
data/IMG/318.jpg,195400,-0.0
data/IMG/319.jpg,195800,-0.0
data/IMG/320.jpg,196150,-0.0
data/IMG/321.jpg,196500,-0.0
data/IMG/322.jpg,196900,-0.0
data/IMG/323.jpg,197200,-0.0
data/IMG/324.jpg,197500,-0.0
data/IMG/325.jpg,197850,-0.0
data/IMG/326.jpg,198200,-0.0
data/IMG/327.jpg,198600,-0.0
data/IMG/328.jpg,199000,-0.0
data/IMG/329.jpg,199350,-0.0
data/IMG/330.jpg,199700,-0.0
data/IMG/331.jpg,200050,-0.0
data/IMG/332.jpg,200450,-0.0
data/IMG/333.jpg,200800,-0.0
data/IMG/334.jpg,201200,-0.0
data/IMG/335.jpg,201550,-0.0
data/IMG/336.jpg,201950,-0.0
data/IMG/337.jpg,202250,-0.0
data/IMG/338.jpg,202550,-0.0
data/IMG/339.jpg,202900,-0.0
data/IMG/340.jpg,203250,-0.0
data/IMG/341.jpg,203600,-0.0
data/IMG/342.jpg,203950,-0.0
data/IMG/343.jpg,204350,-0.0
data/IMG/344.jpg,204750,-0.0
data/IMG/345.jpg,205100,-0.0
data/IMG/346.jpg,205500,-0.0
data/IMG/347.jpg,205850,-0.0
data/IMG/348.jpg,206250,-0.0
data/IMG/349.jpg,206600,-0.0
data/IMG/350.jpg,207000,-0.0
data/IMG/351.jpg,207350,-0.0
data/IMG/352.jpg,207650,-0.0
data/IMG/353.jpg,208050,-0.0
data/IMG/354.jpg,208350,-0.0
data/IMG/355.jpg,208700,-0.0
data/IMG/356.jpg,209050,-0.0
data/IMG/357.jpg,209450,-0.0167522518896
data/IMG/358.jpg,209800,-0.0398820703849
data/IMG/359.jpg,210200,-0.0630118902773
data/IMG/360.jpg,210600,-0.132353156805
data/IMG/361.jpg,211000,-0.155482973903
data/IMG/362.jpg,211350,-0.178564600646
data/IMG/363.jpg,211650,-0.201694428921
data/IMG/364.jpg,212000,-0.224824234843
data/IMG/365.jpg,212350,-0.247905872762
data/IMG/366.jpg,212700,-0.271035678685
data/IMG/367.jpg,213050,-0.299947947264
data/IMG/368.jpg,213400,-0.328860238194
data/IMG/369.jpg,213800,-0.39820151031
data/IMG/370.jpg,214150,-0.427113756537
data/IMG/371.jpg,214550,-0.450195416808
data/IMG/372.jpg,214900,-0.473325222731
data/IMG/373.jpg,215300,-0.496455028653
data/IMG/374.jpg,215650,-0.519584834576
data/IMG/375.jpg,215950,-0.542666494846
data/IMG/376.jpg,216350,-0.565796300769
data/IMG/377.jpg,216700,-0.461760297418
data/IMG/378.jpg,217050,-0.438630491495
data/IMG/379.jpg,217450,-0.40976639092
data/IMG/380.jpg,217850,-0.323077775538
data/IMG/381.jpg,218200,-0.253688313067
data/IMG/382.jpg,218550,-0.161217235029
data/IMG/383.jpg,218950,-0.0803110655397
data/IMG/384.jpg,219350,-0.0630118902773
data/IMG/385.jpg,219750,-0.0398820703849
data/IMG/386.jpg,220100,-0.0225347061642
data/IMG/387.jpg,220450,-0.0
data/IMG/388.jpg,220800,-0.0
data/IMG/389.jpg,221200,-0.0
data/IMG/390.jpg,221550,-0.0
data/IMG/391.jpg,221900,-0.0
data/IMG/392.jpg,222200,-0.0
data/IMG/393.jpg,222550,-0.0
data/IMG/394.jpg,222950,-0.0
data/IMG/395.jpg,223350,0.0152102638967
data/IMG/396.jpg,223700,0.0383400823921
data/IMG/397.jpg,224050,0.0672041662037
data/IMG/398.jpg,224450,0.0845515318215
data/IMG/399.jpg,224850,0.10768134892
data/IMG/400.jpg,225200,0.130762975663
data/IMG/401.jpg,225500,0.148110341281
data/IMG/402.jpg,225900,0.165457706898
data/IMG/403.jpg,226250,0.182805072516
data/IMG/404.jpg,226600,0.200152426958
data/IMG/405.jpg,226900,0.217499792576
data/IMG/406.jpg,227300,0.2463638708
data/IMG/407.jpg,227650,0.286841064692
data/IMG/408.jpg,228050,0.304188430309
data/IMG/409.jpg,228400,0.350399874151
data/IMG/410.jpg,228800,0.425523608923
data/IMG/411.jpg,229150,0.466000780463
data/IMG/412.jpg,229600,0.517994686961
data/IMG/413.jpg,229950,0.593118399382
data/IMG/414.jpg,230300,0.616248205304
data/IMG/415.jpg,230700,0.645160496235
data/IMG/416.jpg,231050,0.668290302157
data/IMG/417.jpg,231450,0.749196499586
data/IMG/418.jpg,231800,0.841667532921
data/IMG/419.jpg,232100,0.922573775053
data/IMG/420.jpg,232500,0.99769744277
data/IMG/421.jpg,232850,1.04395705462
data/IMG/422.jpg,233200,1.06703871489
data/IMG/423.jpg,233500,1.13642817736
data/IMG/424.jpg,233850,1.15950983763
data/IMG/425.jpg,234200,1.18263959885
data/IMG/426.jpg,234600,1.21155193448
data/IMG/427.jpg,234950,1.24041599035
data/IMG/428.jpg,235250,1.26354584098
data/IMG/429.jpg,235600,1.2866756022
data/IMG/430.jpg,236000,1.30980545282
data/IMG/431.jpg,236350,1.33288702369
data/IMG/432.jpg,236700,1.35023438931
data/IMG/433.jpg,237100,1.15372735262
data/IMG/434.jpg,237450,1.0786035955
data/IMG/435.jpg,237850,0.980350077152
data/IMG/436.jpg,238200,0.841667532921
data/IMG/437.jpg,238550,0.286841064692
data/IMG/438.jpg,238900,0.263711236417
data/IMG/439.jpg,239300,0.229016527534
data/IMG/440.jpg,239600,0.200152426958
data/IMG/441.jpg,239950,0.130762975663
data/IMG/442.jpg,240350,0.101898897439
data/IMG/443.jpg,240700,0.0672041662037
data/IMG/444.jpg,241100,0.0383400823921
data/IMG/445.jpg,241500,0.0152102638967
data/IMG/446.jpg,241850,-0.0
data/IMG/447.jpg,242200,-0.0
data/IMG/448.jpg,242600,-0.0
data/IMG/449.jpg,242950,-0.0
data/IMG/450.jpg,243350,-0.0
data/IMG/451.jpg,243750,-0.0
data/IMG/452.jpg,244150,-0.0283171618357
data/IMG/453.jpg,244550,-0.0514469761401
data/IMG/454.jpg,244900,-0.0745286084712
data/IMG/455.jpg,245250,-0.178564600646
data/IMG/456.jpg,245650,-0.259470775723
data/IMG/457.jpg,246000,-0.282600603998
data/IMG/458.jpg,246350,-0.311512872577
data/IMG/459.jpg,246700,-0.334642678499
data/IMG/460.jpg,247050,-0.369289219379
data/IMG/461.jpg,247450,-0.392419025302
data/IMG/462.jpg,247800,-0.427113756537
data/IMG/463.jpg,248150,-0.461760297418
data/IMG/464.jpg,248550,-0.554231375456
data/IMG/465.jpg,248900,-0.583143666387
data/IMG/466.jpg,249300,-0.664049819112
data/IMG/467.jpg,249650,-0.750738501549
data/IMG/468.jpg,250000,-0.843209534883
data/IMG/469.jpg,250350,-0.929898172617
data/IMG/470.jpg,250650,-0.958810418844
data/IMG/471.jpg,251000,-1.02815169096
data/IMG/472.jpg,251300,-1.05128154159
data/IMG/473.jpg,251650,-1.02236929536
data/IMG/474.jpg,252000,-0.993456959724
data/IMG/475.jpg,252400,-0.866339385509
data/IMG/476.jpg,252700,-0.848992019892
data/IMG/477.jpg,253050,-0.773868262768
data/IMG/478.jpg,253400,-0.687179669738
data/IMG/479.jpg,253750,-0.687179669738
data/IMG/480.jpg,254100,-0.588926106691
data/IMG/481.jpg,254450,-0.143918059766
data/IMG/482.jpg,254800,0.0845515318215
data/IMG/483.jpg,255150,0.0614217147231
data/IMG/484.jpg,255500,0.0325576281175
data/IMG/485.jpg,255850,-0.0
data/IMG/486.jpg,256200,-0.0
data/IMG/487.jpg,256600,-0.0
data/IMG/488.jpg,257000,-0.0167522518896
data/IMG/489.jpg,257350,-0.0398820703849
data/IMG/490.jpg,257650,-0.0630118902773
data/IMG/491.jpg,258000,-0.0
data/IMG/492.jpg,258400,-0.0
data/IMG/493.jpg,258800,-0.0
data/IMG/494.jpg,259150,-0.0
data/IMG/495.jpg,259500,-0.0
data/IMG/496.jpg,259900,-0.0
data/IMG/497.jpg,260300,-0.0
data/IMG/498.jpg,260650,-0.0
data/IMG/499.jpg,261100,-0.0
data/IMG/500.jpg,261450,-0.0
data/IMG/501.jpg,261850,-0.0
data/IMG/502.jpg,262200,-0.0
data/IMG/503.jpg,262550,-0.0
data/IMG/504.jpg,262900,-0.0
data/IMG/505.jpg,263250,-0.0
data/IMG/506.jpg,263550,-0.0
data/IMG/507.jpg,263950,-0.0
data/IMG/508.jpg,264300,-0.0
data/IMG/509.jpg,264700,-0.0
data/IMG/510.jpg,265000,-0.0
data/IMG/511.jpg,265350,-0.0
data/IMG/512.jpg,265650,-0.0
data/IMG/513.jpg,266000,-0.0
data/IMG/514.jpg,266400,-0.0
data/IMG/515.jpg,266750,-0.0
data/IMG/516.jpg,267150,-0.0
data/IMG/517.jpg,267500,-0.0
data/IMG/518.jpg,267850,-0.0
data/IMG/519.jpg,268250,-0.0
data/IMG/520.jpg,268600,-0.0
data/IMG/521.jpg,268950,-0.0
data/IMG/522.jpg,269350,-0.0
data/IMG/523.jpg,269700,0.0152102638967
data/IMG/524.jpg,270100,0.0961164347827
data/IMG/525.jpg,270450,0.194369986653
data/IMG/526.jpg,270800,0.211717329919
data/IMG/527.jpg,271250,0.229016527534
data/IMG/528.jpg,271600,0.252146333456
data/IMG/529.jpg,271950,0.269493699074
data/IMG/530.jpg,272300,0.269493699074
data/IMG/531.jpg,272700,0.286841064692
data/IMG/532.jpg,273100,0.286841064692
data/IMG/533.jpg,273500,0.286841064692
data/IMG/534.jpg,273850,0.286841064692
data/IMG/535.jpg,274250,0.286841064692
data/IMG/536.jpg,274650,0.286841064692
data/IMG/537.jpg,275050,0.286841064692
data/IMG/538.jpg,275450,0.286841064692
data/IMG/539.jpg,275800,0.286841064692
data/IMG/540.jpg,276200,0.286841064692
data/IMG/541.jpg,276600,0.252146333456
data/IMG/542.jpg,277000,0.182805072516
data/IMG/543.jpg,277350,0.0845515318215
data/IMG/544.jpg,277750,-0.0
data/IMG/545.jpg,278150,-0.0
data/IMG/546.jpg,278500,-0.0
data/IMG/547.jpg,278850,-0.0167522518896
data/IMG/548.jpg,279250,-0.0456645246595
data/IMG/549.jpg,279550,-0.126570694149
data/IMG/550.jpg,279900,-0.259470775723
data/IMG/551.jpg,280250,-0.282600603998
data/IMG/552.jpg,280600,-0.421331316233
data/IMG/553.jpg,281000,-0.519584834576
data/IMG/554.jpg,281350,-0.664049819112
data/IMG/555.jpg,281750,-0.744956016541
data/IMG/556.jpg,282150,-0.843209534883
data/IMG/557.jpg,282550,-0.970375388861
data/IMG/558.jpg,282950,-1.04549905658
data/IMG/559.jpg,283300,-1.07436320186
data/IMG/560.jpg,283700,-1.1783991158
data/IMG/561.jpg,284100,-1.28821760416
data/IMG/562.jpg,284400,-1.31134745479
data/IMG/563.jpg,284750,-1.34025970101
data/IMG/564.jpg,285100,-1.45002999902
data/IMG/565.jpg,285500,-1.47315976024
data/IMG/566.jpg,285850,-1.5
data/IMG/567.jpg,286300,-1.46737727523
data/IMG/568.jpg,286650,-1.3806887269
data/IMG/569.jpg,287100,-1.29978248477
data/IMG/570.jpg,287450,-0.612055957317
data/IMG/571.jpg,287850,0.344617411494
data/IMG/572.jpg,288250,0.1134638004
data/IMG/573.jpg,288650,0.1134638004
data/IMG/574.jpg,289050,0.1134638004
data/IMG/575.jpg,289400,0.1134638004
data/IMG/576.jpg,289750,0.223234064877
data/IMG/577.jpg,290150,0.223234064877
data/IMG/578.jpg,290500,0.223234064877
data/IMG/579.jpg,290800,0.223234064877
data/IMG/580.jpg,291200,0.223234064877
data/IMG/581.jpg,291550,0.240581430495
data/IMG/582.jpg,291900,0.257928796113
data/IMG/583.jpg,292250,0.234798967838
data/IMG/584.jpg,292650,0.211717329919
data/IMG/585.jpg,293050,0.17702260986
data/IMG/586.jpg,293400,0.0903339833021
data/IMG/587.jpg,293750,0.0903339833021
data/IMG/588.jpg,294150,0.0556392576545
data/IMG/589.jpg,294500,0.0267751738429
data/IMG/590.jpg,294850,0.00364535569679
data/IMG/591.jpg,295250,-0.0
data/IMG/592.jpg,295600,-0.0
data/IMG/593.jpg,296000,-0.0
data/IMG/594.jpg,296400,-0.0283171618357
data/IMG/595.jpg,296800,-0.0514469761401
data/IMG/596.jpg,297150,-0.0745286084712
data/IMG/597.jpg,297500,-0.149700522423
data/IMG/598.jpg,297900,-0.224824234843
data/IMG/599.jpg,298250,-0.247905872762
data/IMG/600.jpg,298600,-0.276818141341
data/IMG/601.jpg,299000,-0.299947947264
data/IMG/602.jpg,299400,-0.323077775538
data/IMG/603.jpg,299750,-0.351941853762
data/IMG/604.jpg,300100,-0.375071659684
data/IMG/605.jpg,300500,-0.403983950615
data/IMG/606.jpg,300900,-0.427113756537
data/IMG/607.jpg,301300,-0.450195416808
data/IMG/608.jpg,301650,-0.473325222731
data/IMG/609.jpg,302050,-0.542666494846
data/IMG/610.jpg,302400,-0.612055957317
data/IMG/611.jpg,302800,-0.635137572885
data/IMG/612.jpg,303150,-0.658267378807
data/IMG/613.jpg,303550,-0.554231375456
data/IMG/614.jpg,303900,-0.43284805119
data/IMG/615.jpg,304300,-0.317295312881
data/IMG/616.jpg,304650,-0.224824234843
data/IMG/617.jpg,304950,-0.201694428921
data/IMG/618.jpg,305250,-0.10344087705
data/IMG/619.jpg,305650,-0.10344087705
data/IMG/620.jpg,306000,-0.0803110655397
data/IMG/621.jpg,306350,-0.0572294332087
data/IMG/622.jpg,306650,-0.0398820703849
data/IMG/623.jpg,307000,-0.0167522518896
data/IMG/624.jpg,307350,-0.0
data/IMG/625.jpg,307750,-0.0
data/IMG/626.jpg,308100,-0.0
data/IMG/627.jpg,308400,-0.0
data/IMG/628.jpg,308800,0.0152102638967
data/IMG/629.jpg,309150,0.0961164347827
data/IMG/630.jpg,309500,0.119246251881
data/IMG/631.jpg,309900,0.136545438319
data/IMG/632.jpg,310250,0.159675255418
data/IMG/633.jpg,310600,0.182805072516
data/IMG/634.jpg,310950,0.200152426958
data/IMG/635.jpg,311300,0.217499792576
data/IMG/636.jpg,311650,0.2463638708
data/IMG/637.jpg,312050,0.281058602035
data/IMG/638.jpg,312400,0.298405967653
data/IMG/639.jpg,312700,0.315705142915
data/IMG/640.jpg,313050,0.344617411494
data/IMG/641.jpg,313400,0.442870974541
data/IMG/642.jpg,313700,0.535342052579
data/IMG/643.jpg,314050,0.662507861853
data/IMG/644.jpg,314350,0.691371917725
data/IMG/645.jpg,314700,0.83588513732
data/IMG/646.jpg,315050,0.911008805037
data/IMG/647.jpg,315400,0.991915047169
data/IMG/648.jpg,315750,1.06125622988
data/IMG/649.jpg,316150,1.06125622988
data/IMG/650.jpg,316500,1.10173344612
data/IMG/651.jpg,316800,1.12486329675
data/IMG/652.jpg,317150,1.12486329675
data/IMG/653.jpg,317550,1.14216247201
data/IMG/654.jpg,317900,1.11908081174
data/IMG/655.jpg,318250,1.04395705462
data/IMG/656.jpg,318650,0.968785196543
data/IMG/657.jpg,319000,0.945703536272
data/IMG/658.jpg,319350,0.922573775053
data/IMG/659.jpg,319700,0.899443924427
data/IMG/660.jpg,320050,0.876314073801
data/IMG/661.jpg,320400,0.853232502937
data/IMG/662.jpg,320750,0.830102652311
data/IMG/663.jpg,321100,0.806972801685
data/IMG/664.jpg,321450,0.783843040466
data/IMG/665.jpg,321800,0.760761380196
data/IMG/666.jpg,322150,0.737631574273
data/IMG/667.jpg,322500,0.714501768351
data/IMG/668.jpg,322850,0.691371917725
data/IMG/669.jpg,323250,0.668290302157
data/IMG/670.jpg,323600,0.639378011227
data/IMG/671.jpg,323950,0.610465764999
data/IMG/672.jpg,324350,0.517994686961
data/IMG/673.jpg,324700,0.489130586386
data/IMG/674.jpg,325050,0.402441948652
data/IMG/675.jpg,325400,0.327270045877
data/IMG/676.jpg,325800,0.327270045877
data/IMG/677.jpg,326150,0.304188430309
data/IMG/678.jpg,326500,0.281058602035
data/IMG/679.jpg,326950,0.252146333456
data/IMG/680.jpg,327350,0.182805072516
data/IMG/681.jpg,327650,0.0961164347827
data/IMG/682.jpg,328000,0.0267751738429
data/IMG/683.jpg,328350,-0.0
data/IMG/684.jpg,328700,-0.0
data/IMG/685.jpg,329100,-0.0
data/IMG/686.jpg,329500,-0.00518734334037
data/IMG/687.jpg,329900,-0.0398820703849
data/IMG/688.jpg,330200,-0.149700522423
data/IMG/689.jpg,330500,-0.242171600461
data/IMG/690.jpg,330850,-0.323077775538
data/IMG/691.jpg,331200,-0.346159413457
data/IMG/692.jpg,331550,-0.461760297418
data/IMG/693.jpg,331950,-0.565796300769
data/IMG/694.jpg,332350,-0.658267378807
data/IMG/695.jpg,332600,-0.750738501549
data/IMG/696.jpg,332900,-0.721826210618
data/IMG/697.jpg,333250,-0.646702453494
data/IMG/698.jpg,333550,-0.0514469761401
data/IMG/699.jpg,334000,0.130762975663
data/IMG/700.jpg,334350,0.130762975663
data/IMG/701.jpg,334650,0.130762975663
data/IMG/702.jpg,335000,0.130762975663
data/IMG/703.jpg,335400,0.130762975663
data/IMG/704.jpg,335800,0.130762975663
data/IMG/705.jpg,336150,0.153892792761
data/IMG/706.jpg,336500,0.171240158379
data/IMG/707.jpg,336900,0.194369986653
data/IMG/708.jpg,337250,0.223234064877
data/IMG/709.jpg,337650,0.2463638708
data/IMG/710.jpg,338050,0.27527616173
data/IMG/711.jpg,338400,0.298405967653
data/IMG/712.jpg,338750,0.321487605572
data/IMG/713.jpg,339150,0.321487605572
data/IMG/714.jpg,339500,0.338834971189
data/IMG/715.jpg,339850,0.315705142915
data/IMG/716.jpg,340200,0.292623504996
data/IMG/717.jpg,340550,0.194369986653
data/IMG/718.jpg,340950,0.0383400823921
data/IMG/719.jpg,341300,-0.0
data/IMG/720.jpg,341650,-0.0
data/IMG/721.jpg,342050,-0.0398820703849
data/IMG/722.jpg,342450,-0.0630118902773
data/IMG/723.jpg,342800,-0.219041772187
data/IMG/724.jpg,343200,-0.311512872577
data/IMG/725.jpg,343550,-0.43284805119
data/IMG/726.jpg,343950,-0.600491032004
data/IMG/727.jpg,344300,-0.623572647572
data/IMG/728.jpg,344700,-0.646702453494
data/IMG/729.jpg,345050,-0.698744550347
data/IMG/730.jpg,345400,-0.791215628386
data/IMG/731.jpg,345800,-0.820079773664
data/IMG/732.jpg,346150,-0.854774415493
data/IMG/733.jpg,346550,-0.877904266119
data/IMG/734.jpg,346850,-0.848992019892
data/IMG/735.jpg,347200,-0.768085867167
data/IMG/736.jpg,347500,-0.664049819112
data/IMG/737.jpg,347850,-0.0
data/IMG/738.jpg,348150,0.0440743491054
data/IMG/739.jpg,348500,0.0209927195683
data/IMG/740.jpg,348850,-0.0
data/IMG/741.jpg,349200,-0.0
data/IMG/742.jpg,349650,-0.0
data/IMG/743.jpg,350000,-0.0
data/IMG/744.jpg,350350,-0.0
data/IMG/745.jpg,350700,-0.0
data/IMG/746.jpg,351100,-0.0
data/IMG/747.jpg,351450,-0.0167522518896
data/IMG/748.jpg,351800,-0.0398820703849
data/IMG/749.jpg,352150,-0.0630118902773
data/IMG/750.jpg,352500,-0.0860935170203
data/IMG/751.jpg,352850,-0.115005791187
data/IMG/752.jpg,353150,-0.195911966264
data/IMG/753.jpg,353550,-0.224824234843
data/IMG/754.jpg,353900,-0.247905872762
data/IMG/755.jpg,354300,-0.271035678685
data/IMG/756.jpg,354650,-0.294165506959
data/IMG/757.jpg,355050,-0.26525323838
data/IMG/758.jpg,355350,-0.155482973903
data/IMG/759.jpg,355750,-0.0630118902773
data/IMG/760.jpg,356100,-0.0340996161103
data/IMG/761.jpg,356450,-0.010969797615
data/IMG/762.jpg,356800,-0.0
data/IMG/763.jpg,357100,-0.0
data/IMG/764.jpg,357400,-0.0
data/IMG/765.jpg,357700,-0.0
data/IMG/766.jpg,358000,-0.0
data/IMG/767.jpg,358300,-0.0
data/IMG/768.jpg,358700,-0.0
data/IMG/769.jpg,359000,-0.0
data/IMG/770.jpg,359350,-0.0
data/IMG/771.jpg,359700,-0.0
data/IMG/772.jpg,360150,-0.0
data/IMG/773.jpg,360550,-0.0225347061642
data/IMG/774.jpg,360950,-0.0456645246595
data/IMG/775.jpg,361300,-0.0687461569905
data/IMG/776.jpg,361700,-0.149700522423
data/IMG/777.jpg,362050,-0.184347052127
data/IMG/778.jpg,362500,-0.219041772187
data/IMG/779.jpg,362850,-0.242171600461
data/IMG/780.jpg,363250,-0.0687461569905
data/IMG/781.jpg,363600,-0.0
data/IMG/782.jpg,364000,-0.0
data/IMG/783.jpg,364350,-0.0
data/IMG/784.jpg,364750,-0.0
data/IMG/785.jpg,365150,-0.0
data/IMG/786.jpg,365500,-0.0
data/IMG/787.jpg,365900,-0.0
data/IMG/788.jpg,366300,0.0556392576545
data/IMG/789.jpg,366650,0.0845515318215
data/IMG/790.jpg,367000,0.165457706898
data/IMG/791.jpg,367400,0.182805072516
data/IMG/792.jpg,367800,0.205934889615
data/IMG/793.jpg,368150,0.223234064877
data/IMG/794.jpg,368500,0.292623504996
