,Unnamed: 0,image,timestamp,steering
0,0,data/IMG/1.jpg,21120,0.0
1,1,data/IMG/2.jpg,21150,0.0
2,2,data/IMG/3.jpg,21645,0.0
3,3,data/IMG/4.jpg,21720,0.0
4,4,data/IMG/5.jpg,21780,0.0
5,5,data/IMG/6.jpg,21840,0.0
6,6,data/IMG/7.jpg,21915,0.0
7,7,data/IMG/8.jpg,21975,0.0
8,8,data/IMG/9.jpg,22050,0.0
9,9,data/IMG/10.jpg,22110,0.0
10,10,data/IMG/11.jpg,22185,0.0
11,11,data/IMG/12.jpg,22260,0.0
12,12,data/IMG/13.jpg,22335,0.0
13,13,data/IMG/14.jpg,22395,0.0
14,14,data/IMG/15.jpg,22470,0.0
15,15,data/IMG/16.jpg,22530,0.0
16,16,data/IMG/17.jpg,22605,0.0
17,17,data/IMG/18.jpg,22665,0.0
18,18,data/IMG/19.jpg,22725,0.0
19,19,data/IMG/20.jpg,22800,0.0
20,20,data/IMG/21.jpg,22860,0.0
21,21,data/IMG/22.jpg,22920,0.0
22,22,data/IMG/23.jpg,22995,0.0
23,23,data/IMG/24.jpg,23055,0.0
24,24,data/IMG/25.jpg,23130,0.0
25,25,data/IMG/26.jpg,23190,0.0
26,26,data/IMG/27.jpg,23250,0.00027654052246366665
27,27,data/IMG/28.jpg,23325,0.01167172348747
28,28,data/IMG/29.jpg,23385,0.027953616032966658
29,29,data/IMG/30.jpg,23445,0.04423015564680001
30,30,data/IMG/31.jpg,23520,0.057802859693800016
31,31,data/IMG/32.jpg,23580,0.07135950028896666
32,32,data/IMG/33.jpg,23640,0.10753732422963333
33,33,data/IMG/34.jpg,23715,0.163605714838
34,34,data/IMG/35.jpg,23775,0.1997835288443333
35,35,data/IMG/36.jpg,23835,0.217864414056
36,36,data/IMG/37.jpg,23910,0.2359559983016667
37,37,data/IMG/38.jpg,23970,0.2648896872993333
38,38,data/IMG/39.jpg,24030,0.28841035564766665
39,39,data/IMG/40.jpg,24105,0.3046815395356666
40,40,data/IMG/41.jpg,24165,0.3064912358923333
41,41,data/IMG/42.jpg,24240,0.255843900144
42,42,data/IMG/43.jpg,24300,0.2413743684686667
43,43,data/IMG/44.jpg,24375,0.221483801802
44,44,data/IMG/45.jpg,24435,0.194354449709
45,45,data/IMG/46.jpg,24495,0.15999168157566668
46,46,data/IMG/47.jpg,24555,0.058702351952130326
47,47,data/IMG/48.jpg,24615,0.0
48,48,data/IMG/49.jpg,24675,0.0
49,49,data/IMG/50.jpg,24735,0.002080880415936668
50,50,data/IMG/51.jpg,24810,0.03699673339723334
51,51,data/IMG/52.jpg,24870,0.052373778075
52,52,data/IMG/53.jpg,24945,0.04423550888896666
53,53,data/IMG/54.jpg,25005,0.0
54,54,data/IMG/55.jpg,25065,0.0912554326156
55,55,data/IMG/56.jpg,25140,0.257661615809
56,56,data/IMG/57.jpg,25200,0.31734404961266666
57,57,data/IMG/58.jpg,25275,0.346283088128
58,58,data/IMG/59.jpg,25335,0.3788415193556667
59,59,data/IMG/60.jpg,25410,0.3969277441503333
60,60,data/IMG/61.jpg,25485,0.42405710617700004
61,61,data/IMG/62.jpg,25545,0.4457653909925
62,62,data/IMG/63.jpg,25620,0.4620446165400001
63,63,data/IMG/64.jpg,25695,0.4728920658426667
64,64,data/IMG/65.jpg,25755,0.404166519642
65,65,data/IMG/66.jpg,25815,0.3083009322486667
66,66,data/IMG/67.jpg,25875,0.2648896872993333
67,67,data/IMG/68.jpg,25935,0.058154627680666676
68,68,data/IMG/69.jpg,26010,0.0
69,69,data/IMG/70.jpg,26070,0.0
70,70,data/IMG/71.jpg,26145,0.0
71,71,data/IMG/72.jpg,26205,0.0
72,72,data/IMG/73.jpg,26265,0.0
73,73,data/IMG/74.jpg,26325,0.0
74,74,data/IMG/75.jpg,26400,0.0
75,75,data/IMG/76.jpg,26475,0.0
76,76,data/IMG/77.jpg,26550,0.0
77,77,data/IMG/78.jpg,26625,0.0
78,78,data/IMG/79.jpg,26685,0.0
79,79,data/IMG/80.jpg,26760,0.0
80,80,data/IMG/81.jpg,26835,0.0
81,81,data/IMG/82.jpg,26910,0.0
82,82,data/IMG/83.jpg,26970,0.0
83,83,data/IMG/84.jpg,27045,0.0
84,84,data/IMG/85.jpg,27120,0.0
85,85,data/IMG/86.jpg,27180,0.0
86,86,data/IMG/87.jpg,27240,0.0
87,87,data/IMG/88.jpg,27315,0.0
88,88,data/IMG/89.jpg,27375,0.0
89,89,data/IMG/90.jpg,27435,0.0
90,90,data/IMG/91.jpg,27510,0.0
91,91,data/IMG/92.jpg,27570,0.0
92,92,data/IMG/93.jpg,27630,0.0
93,93,data/IMG/94.jpg,27705,0.0
94,94,data/IMG/95.jpg,27765,0.0
95,95,data/IMG/96.jpg,27825,0.0
96,96,data/IMG/97.jpg,27885,0.0
97,97,data/IMG/98.jpg,27960,0.0
98,98,data/IMG/99.jpg,28035,0.0
99,99,data/IMG/100.jpg,28095,0.0
100,100,data/IMG/101.jpg,28170,0.0
101,101,data/IMG/102.jpg,28230,0.0
102,102,data/IMG/103.jpg,28290,0.0
103,103,data/IMG/104.jpg,28365,0.0
104,104,data/IMG/105.jpg,28425,0.0
105,105,data/IMG/106.jpg,28500,0.0
106,106,data/IMG/107.jpg,28560,0.0
107,107,data/IMG/108.jpg,28620,0.0
108,108,data/IMG/109.jpg,28695,0.0
109,109,data/IMG/110.jpg,28755,0.0
110,110,data/IMG/111.jpg,28815,0.0
111,111,data/IMG/112.jpg,28875,0.0
112,112,data/IMG/113.jpg,28950,0.0
113,113,data/IMG/114.jpg,29010,0.0
114,114,data/IMG/115.jpg,29070,0.0
115,115,data/IMG/116.jpg,29145,0.0
116,116,data/IMG/117.jpg,29220,0.0
117,117,data/IMG/118.jpg,29295,0.0
118,118,data/IMG/119.jpg,29355,0.0
119,119,data/IMG/120.jpg,29415,0.0
120,120,data/IMG/121.jpg,29490,0.0
121,121,data/IMG/122.jpg,29565,0.0
122,122,data/IMG/123.jpg,29640,0.0
123,123,data/IMG/124.jpg,29700,0.0
124,124,data/IMG/125.jpg,29760,0.0
125,125,data/IMG/126.jpg,29820,0.0
126,126,data/IMG/127.jpg,29895,0.0
127,127,data/IMG/128.jpg,29955,0.0
128,128,data/IMG/129.jpg,30030,0.0
129,129,data/IMG/130.jpg,30105,0.00959084338197
130,130,data/IMG/131.jpg,30165,0.04423015440503333
131,131,data/IMG/132.jpg,30225,0.08040797462066666
132,132,data/IMG/133.jpg,30300,0.09848885238153332
133,133,data/IMG/134.jpg,30360,0.12381386011833333
134,134,data/IMG/135.jpg,30420,0.1473264992235
135,135,data/IMG/136.jpg,30495,0.18350164095566668
136,136,data/IMG/137.jpg,30555,0.234146306912
137,137,data/IMG/138.jpg,30630,0.2648896872993333
138,138,data/IMG/139.jpg,30690,0.2829812765123333
139,139,data/IMG/140.jpg,30765,0.273938154181
140,140,data/IMG/141.jpg,30825,0.03644900520633333
141,141,data/IMG/142.jpg,30900,0.0
142,142,data/IMG/143.jpg,30975,0.0
143,143,data/IMG/144.jpg,31050,0.0
144,144,data/IMG/145.jpg,31125,0.0
145,145,data/IMG/146.jpg,31200,0.0
146,146,data/IMG/147.jpg,31275,0.0
147,147,data/IMG/148.jpg,31335,0.0
148,148,data/IMG/149.jpg,31410,0.0
149,149,data/IMG/150.jpg,31485,0.0
150,150,data/IMG/151.jpg,31560,0.0
151,151,data/IMG/152.jpg,31620,0.013210231438266669
152,152,data/IMG/153.jpg,31695,0.0297633099059
153,153,data/IMG/154.jpg,31755,0.03880107278623333
154,154,data/IMG/155.jpg,31815,0.052373778075
155,155,data/IMG/156.jpg,31890,0.10210823764396666
156,156,data/IMG/157.jpg,31950,0.18712102870133326
157,157,data/IMG/158.jpg,32010,0.20340291659033333
158,158,data/IMG/159.jpg,32070,0.10726613551366666
159,159,data/IMG/160.jpg,32130,0.005700268472233335
160,160,data/IMG/161.jpg,32190,0.05508296440046667
161,161,data/IMG/162.jpg,32265,0.09306512524666667
162,162,data/IMG/163.jpg,32325,0.114770742754
163,163,data/IMG/164.jpg,32385,0.13104728360966664
164,164,data/IMG/165.jpg,32445,0.14190544187999998
165,165,data/IMG/166.jpg,32520,0.14190544187999998
166,166,data/IMG/167.jpg,32580,0.14190544187999998
167,167,data/IMG/168.jpg,32640,0.14190544187999998
168,168,data/IMG/169.jpg,32715,0.14190544187999998
169,169,data/IMG/170.jpg,32775,0.14190544187999998
170,170,data/IMG/171.jpg,32835,0.14190544187999998
171,171,data/IMG/172.jpg,32910,0.14190544187999998
172,172,data/IMG/173.jpg,32985,0.14371513823666668
173,173,data/IMG/174.jpg,33045,0.14552483459333335
174,174,data/IMG/175.jpg,33120,0.14371513823666668
175,175,data/IMG/176.jpg,33180,0.144619986415
176,176,data/IMG/177.jpg,33240,0.14371513823666668
177,177,data/IMG/178.jpg,33315,0.14552483459333335
178,178,data/IMG/179.jpg,33375,0.14371513823666668
179,179,data/IMG/180.jpg,33450,0.14552483459333335
180,180,data/IMG/181.jpg,33510,0.14371513823666668
181,181,data/IMG/182.jpg,33585,0.08221766849343333
182,182,data/IMG/183.jpg,33660,0.0333773450305
183,183,data/IMG/184.jpg,33720,0.0
184,184,data/IMG/185.jpg,33795,0.0
185,185,data/IMG/186.jpg,33855,0.0
186,186,data/IMG/187.jpg,33915,0.0
187,187,data/IMG/188.jpg,33975,0.0
188,188,data/IMG/189.jpg,34050,0.0
189,189,data/IMG/190.jpg,34110,0.0
190,190,data/IMG/191.jpg,34170,0.0
191,191,data/IMG/192.jpg,34230,0.0
192,192,data/IMG/193.jpg,34290,0.0
193,193,data/IMG/194.jpg,34365,0.025872735927499998
194,194,data/IMG/195.jpg,34425,0.08583170175549999
195,195,data/IMG/196.jpg,34485,0.0984888523817
196,196,data/IMG/197.jpg,34560,0.09125542889036664
197,197,data/IMG/198.jpg,34620,0.02252453410377
198,198,data/IMG/199.jpg,34680,0.00027654052246366665
199,199,data/IMG/200.jpg,34755,0.0
200,200,data/IMG/201.jpg,34815,0.0
201,201,data/IMG/202.jpg,34890,0.0
202,202,data/IMG/203.jpg,34950,0.0
203,203,data/IMG/204.jpg,35025,0.0
204,204,data/IMG/205.jpg,35085,0.0
205,205,data/IMG/206.jpg,35160,0.0
206,206,data/IMG/207.jpg,35220,0.0
207,207,data/IMG/208.jpg,35280,0.0
208,208,data/IMG/209.jpg,35340,0.0
209,209,data/IMG/210.jpg,35400,0.0
210,210,data/IMG/211.jpg,35475,0.0
211,211,data/IMG/212.jpg,35535,0.0
212,212,data/IMG/213.jpg,35610,0.0
213,213,data/IMG/214.jpg,35670,0.0
214,214,data/IMG/215.jpg,35745,0.0
215,215,data/IMG/216.jpg,35805,0.00027654052246366665
216,216,data/IMG/217.jpg,35880,0.03609456308185001
217,217,data/IMG/218.jpg,35955,0.0550883188844
218,218,data/IMG/219.jpg,36015,0.07497889051833333
219,219,data/IMG/220.jpg,36090,0.09306512524683334
220,220,data/IMG/221.jpg,36165,0.109347015619
221,221,data/IMG/222.jpg,36225,0.12019447237233336
222,222,data/IMG/223.jpg,36300,0.13104728360966664
223,223,data/IMG/224.jpg,36360,0.16179602344833333
224,224,data/IMG/225.jpg,36435,0.17988225320966664
225,225,data/IMG/226.jpg,36510,0.19616414109866667
226,226,data/IMG/227.jpg,36570,0.17988493293500002
227,227,data/IMG/228.jpg,36645,0.09487481663619997
228,228,data/IMG/229.jpg,36705,0.04965923726560001
229,229,data/IMG/230.jpg,36765,0.005976808994697001
230,230,data/IMG/231.jpg,36840,0.02252988827723333
231,231,data/IMG/232.jpg,36900,0.040610766659166665
232,232,data/IMG/233.jpg,36975,0.07678858439126666
233,233,data/IMG/234.jpg,37035,0.09306512524683334
234,234,data/IMG/235.jpg,37110,0.109347015619
235,235,data/IMG/236.jpg,37185,0.12561819950733333
236,236,data/IMG/237.jpg,37260,0.14190544684733333
237,237,data/IMG/238.jpg,37320,0.155462093651
238,238,data/IMG/239.jpg,37395,0.16903479893999998
239,239,data/IMG/240.jpg,37470,0.18711567421766664
240,240,data/IMG/241.jpg,37530,0.25404223303
241,241,data/IMG/242.jpg,37590,0.28841035564766665
242,242,data/IMG/243.jpg,37665,0.29564376672133336
243,243,data/IMG/244.jpg,37725,0.304681539536
244,244,data/IMG/245.jpg,37800,0.31553970774
245,245,data/IMG/246.jpg,37875,0.32277311881366666
246,246,data/IMG/247.jpg,37935,0.326381802559
247,247,data/IMG/248.jpg,37995,0.326381802559
248,248,data/IMG/249.jpg,38055,0.326381802559
249,249,data/IMG/250.jpg,38130,0.326381802559
250,250,data/IMG/251.jpg,38190,0.326381802559
251,251,data/IMG/252.jpg,38250,0.32457746068633336
252,252,data/IMG/253.jpg,38325,0.250422845284
253,253,data/IMG/254.jpg,38385,0.19435444970933333
254,254,data/IMG/255.jpg,38445,0.0912607833742
255,255,data/IMG/256.jpg,38520,0.051468929896766664
256,256,data/IMG/257.jpg,38580,0.0
257,257,data/IMG/258.jpg,38655,0.0
258,258,data/IMG/259.jpg,38715,0.0
259,259,data/IMG/260.jpg,38775,0.0
260,260,data/IMG/261.jpg,38850,0.0
261,261,data/IMG/262.jpg,38910,0.0
262,262,data/IMG/263.jpg,38985,0.0
263,263,data/IMG/264.jpg,39045,0.0
264,264,data/IMG/265.jpg,39120,0.0
265,265,data/IMG/266.jpg,39195,0.0
266,266,data/IMG/267.jpg,39255,0.0
267,267,data/IMG/268.jpg,39330,0.0
268,268,data/IMG/269.jpg,39390,0.0
269,269,data/IMG/270.jpg,39465,0.0
270,270,data/IMG/271.jpg,39525,0.0
271,271,data/IMG/272.jpg,39600,0.0
272,272,data/IMG/273.jpg,39660,0.0
273,273,data/IMG/274.jpg,39720,0.0
274,274,data/IMG/275.jpg,39780,0.002080880415936668
275,275,data/IMG/276.jpg,39855,0.02252988827723333
276,276,data/IMG/277.jpg,39915,0.03880107278623333
277,277,data/IMG/278.jpg,39975,0.0568926582734
278,278,data/IMG/279.jpg,40035,0.0795031264424
279,279,data/IMG/280.jpg,40095,0.09306512524683334
280,280,data/IMG/281.jpg,40170,0.114770742754
281,281,data/IMG/282.jpg,40245,0.12742789586366665
282,282,data/IMG/283.jpg,40305,0.12923758725333334
283,283,data/IMG/284.jpg,40380,0.12380850811766668
284,284,data/IMG/285.jpg,40440,0.14913887282233335
285,285,data/IMG/286.jpg,40515,0.18712102870133326
286,286,data/IMG/287.jpg,40590,0.21786976357299997
287,287,data/IMG/288.jpg,40665,0.2449937562146667
288,288,data/IMG/289.jpg,40740,0.25856646895400004
289,289,data/IMG/290.jpg,40815,0.2721231083073333
290,290,data/IMG/291.jpg,40875,0.2920243938766667
291,291,data/IMG/292.jpg,40950,0.31553970774
292,292,data/IMG/293.jpg,41010,0.3281914989153333
293,293,data/IMG/294.jpg,41085,0.33000119527166666
294,294,data/IMG/295.jpg,41160,0.3281914989153333
295,295,data/IMG/296.jpg,41220,0.3263871570426667
296,296,data/IMG/297.jpg,41295,0.3209634323913333
297,297,data/IMG/298.jpg,41370,0.2793618837993333
298,298,data/IMG/299.jpg,41445,0.2721231132745
299,299,data/IMG/300.jpg,41520,0.21605471769966667
300,300,data/IMG/301.jpg,41580,0.15817663570233334
301,301,data/IMG/302.jpg,41655,0.14552483459333335
302,302,data/IMG/303.jpg,41715,0.14371513823666668
303,303,data/IMG/304.jpg,41775,0.09307047973066666
304,304,data/IMG/305.jpg,41850,0.062316385408233324
305,305,data/IMG/306.jpg,41925,0.0
306,306,data/IMG/307.jpg,41985,0.013486771960730332
307,307,data/IMG/308.jpg,42060,0.042420460532099996
308,308,data/IMG/309.jpg,42120,0.0948694646357
309,309,data/IMG/310.jpg,42195,0.188028551638
310,310,data/IMG/311.jpg,42255,0.2359559983013333
311,311,data/IMG/312.jpg,42330,0.2829812765123333
312,312,data/IMG/313.jpg,42405,0.2992578049503333
313,313,data/IMG/314.jpg,42465,0.3119203249613333
314,314,data/IMG/315.jpg,42540,0.2992578049503333
315,315,data/IMG/316.jpg,42600,0.20520190397900004
316,316,data/IMG/317.jpg,42660,0.011123996227966663
317,317,data/IMG/318.jpg,42720,0.03880642664930002
318,318,data/IMG/319.jpg,42780,0.10934701561923332
319,319,data/IMG/320.jpg,42840,0.2070142775775
320,320,data/IMG/321.jpg,42915,0.266699378689
321,321,data/IMG/322.jpg,42975,0.310110628605
322,322,data/IMG/323.jpg,43020,0.179887607499797
323,323,data/IMG/324.jpg,43080,0.0
324,324,data/IMG/325.jpg,43155,0.005971455015236668
325,325,data/IMG/326.jpg,43215,0.02252988827723333
326,326,data/IMG/327.jpg,43275,0.03880107278623333
327,327,data/IMG/328.jpg,43335,0.0550883188844
328,328,data/IMG/329.jpg,43395,0.07135950028896666
329,329,data/IMG/330.jpg,43470,0.08493221178650001
330,330,data/IMG/331.jpg,43530,0.09848885238153332
331,331,data/IMG/332.jpg,43590,0.114770742754
332,332,data/IMG/333.jpg,43665,0.136476367712
333,333,data/IMG/334.jpg,43725,0.16179602344833333
334,334,data/IMG/335.jpg,43800,0.17988225320966664
335,335,data/IMG/336.jpg,43860,0.19616414109866667
336,336,data/IMG/337.jpg,43935,0.20882665117566668
337,337,data/IMG/338.jpg,44010,0.14913351585463333
338,338,data/IMG/339.jpg,44085,0.07135950028896666
339,339,data/IMG/340.jpg,44145,0.02768242980043334
340,340,data/IMG/341.jpg,44220,0.01126494444905
341,341,data/IMG/342.jpg,44295,0.07678858439126666
342,342,data/IMG/343.jpg,44370,0.14370978375266666
343,343,data/IMG/344.jpg,44430,0.2269128859043333
344,344,data/IMG/345.jpg,44490,0.28841035564766665
345,345,data/IMG/346.jpg,44565,0.3046815395356666
346,346,data/IMG/347.jpg,44625,0.2793618837993334
347,347,data/IMG/348.jpg,44685,0.16179602344833335
348,348,data/IMG/349.jpg,44760,0.0367201901972
349,349,data/IMG/350.jpg,44820,0.007786503488496998
350,350,data/IMG/351.jpg,44895,0.046944696456199995
351,351,data/IMG/352.jpg,44955,0.08221231400966666
352,352,data/IMG/353.jpg,45030,0.11838477849933332
353,353,data/IMG/354.jpg,45090,0.147329176466
354,354,data/IMG/355.jpg,45165,0.18712102870133326
355,355,data/IMG/356.jpg,45240,0.20701695481933333
356,356,data/IMG/357.jpg,45300,0.2269128809373334
357,357,data/IMG/358.jpg,45360,0.2449937562146667
358,358,data/IMG/359.jpg,45435,0.26850908001266666
359,359,data/IMG/360.jpg,45495,0.28841035564766665
360,360,data/IMG/361.jpg,45555,0.2911248952155
361,361,data/IMG/362.jpg,45630,0.2902200520043334
362,362,data/IMG/363.jpg,45690,0.28841035564766665
363,363,data/IMG/364.jpg,45765,0.2648896872996667
364,364,data/IMG/365.jpg,45825,0.19797384242199997
365,365,data/IMG/366.jpg,45885,0.10210823764413332
366,366,data/IMG/367.jpg,45960,0.060512046019266665
367,367,data/IMG/368.jpg,46020,0.027953615838963664
368,368,data/IMG/369.jpg,46080,0.0
369,369,data/IMG/370.jpg,46155,0.0
370,370,data/IMG/371.jpg,46215,0.002357420938400333
371,371,data/IMG/372.jpg,46275,0.0143862646073
372,372,data/IMG/373.jpg,46350,0.027953616032966658
373,373,data/IMG/374.jpg,46410,0.04423015564680001
374,374,data/IMG/375.jpg,46470,0.060512046019266665
375,375,data/IMG/376.jpg,46545,0.06593577315413332
376,376,data/IMG/377.jpg,46605,0.08221766849356668
377,377,data/IMG/378.jpg,46680,0.09848885238153332
378,378,data/IMG/379.jpg,46740,0.114770742754
379,379,data/IMG/380.jpg,46800,0.13104728360966664
380,380,data/IMG/381.jpg,46860,0.14732917646566668
381,381,data/IMG/382.jpg,46920,0.1690348014235
382,382,data/IMG/383.jpg,46980,0.201587870717
383,383,data/IMG/384.jpg,47055,0.234146306912
384,384,data/IMG/385.jpg,47115,0.2558519244193333
385,385,data/IMG/386.jpg,47190,0.2685037255283333
386,386,data/IMG/387.jpg,47235,0.27031341195066666
387,387,data/IMG/388.jpg,47310,0.2721231083073333
388,388,data/IMG/389.jpg,47370,0.2956437766556667
389,389,data/IMG/390.jpg,47445,0.29383409023266666
390,390,data/IMG/391.jpg,47505,0.17626821994800002
391,391,data/IMG/392.jpg,47580,0.15275558084250002
392,392,data/IMG/393.jpg,47640,0.09126078585766667
393,393,data/IMG/394.jpg,47715,0.1183901304999
394,394,data/IMG/395.jpg,47775,0.181691944599
395,395,data/IMG/396.jpg,47835,0.16903479893999998
396,396,data/IMG/397.jpg,47910,0.112961048881
397,397,data/IMG/398.jpg,47970,0.08764139811196665
398,398,data/IMG/399.jpg,48030,0.09306512524683334
399,399,data/IMG/400.jpg,48105,0.109347015619
400,400,data/IMG/401.jpg,48165,0.12561819950733333
401,401,data/IMG/402.jpg,48240,0.12742789586366665
402,402,data/IMG/403.jpg,48300,0.1283327415585
403,403,data/IMG/404.jpg,48360,0.12923758725333334
404,404,data/IMG/405.jpg,48435,0.12742789586366665
405,405,data/IMG/406.jpg,48495,0.12923758725333334
406,406,data/IMG/407.jpg,48570,0.13104728360966664
407,407,data/IMG/408.jpg,48645,0.16180137793233332
408,408,data/IMG/409.jpg,48720,0.185305977861
409,409,data/IMG/410.jpg,48780,0.18711567421733333
410,410,data/IMG/411.jpg,48855,0.18892536560666665
411,411,data/IMG/412.jpg,48915,0.18711567421733333
412,412,data/IMG/413.jpg,48990,0.188020519912
413,413,data/IMG/414.jpg,49050,0.18892536560666665
414,414,data/IMG/415.jpg,49110,0.18711567421733333
415,415,data/IMG/416.jpg,49185,0.18892536560666665
416,416,data/IMG/417.jpg,49245,0.18711567421733333
417,417,data/IMG/418.jpg,49305,0.18892536560666665
418,418,data/IMG/419.jpg,49380,0.18711567421733333
419,419,data/IMG/420.jpg,49440,0.18892536560666665
420,420,data/IMG/421.jpg,49500,0.18711567421733333
421,421,data/IMG/422.jpg,49560,0.18892536560666665
422,422,data/IMG/423.jpg,49635,0.188020519912
423,423,data/IMG/424.jpg,49695,0.18711567421733333
424,424,data/IMG/425.jpg,49755,0.18892536560666665
425,425,data/IMG/426.jpg,49830,0.18711567421733333
426,426,data/IMG/427.jpg,49890,0.18892536560666665
427,427,data/IMG/428.jpg,49950,0.18711567421733333
428,428,data/IMG/429.jpg,50025,0.18892536560666665
429,429,data/IMG/430.jpg,50085,0.18711567421733333
430,430,data/IMG/431.jpg,50160,0.18892536560666665
431,431,data/IMG/432.jpg,50235,0.18711567421733333
432,432,data/IMG/433.jpg,50295,0.188020519912
433,433,data/IMG/434.jpg,50370,0.09849420438203332
434,434,data/IMG/435.jpg,50445,0.005700268472233335
435,435,data/IMG/436.jpg,50505,0.0
436,436,data/IMG/437.jpg,50565,0.005971455015236668
437,437,data/IMG/438.jpg,50640,0.02252988827723333
438,438,data/IMG/439.jpg,50700,0.03880107278623333
439,439,data/IMG/440.jpg,50775,0.062321739892199995
440,440,data/IMG/441.jpg,50850,0.08764139811196668
441,441,data/IMG/442.jpg,50910,0.109347015619
442,442,data/IMG/443.jpg,50985,0.10753196726223334
443,443,data/IMG/444.jpg,51060,0.0903532616794
444,444,data/IMG/445.jpg,51120,0.03157300408930334
445,445,data/IMG/446.jpg,51195,0.0
446,446,data/IMG/447.jpg,51255,0.0
447,447,data/IMG/448.jpg,51330,0.0
448,448,data/IMG/449.jpg,51390,0.008057689410633671
449,449,data/IMG/450.jpg,51450,0.031567650536666665
450,450,data/IMG/451.jpg,51510,0.051468931138533326
451,451,data/IMG/452.jpg,51570,0.06774011254313334
452,452,data/IMG/453.jpg,51630,0.06954980641606667
453,453,data/IMG/454.jpg,51690,0.03066548053175
454,454,data/IMG/455.jpg,51765,0.0005530810449273333
455,455,data/IMG/456.jpg,51825,0.01167172348747
456,456,data/IMG/457.jpg,51900,0.027953616032966658
457,457,data/IMG/458.jpg,51960,0.04423015564680001
458,458,data/IMG/459.jpg,52035,0.060512046019266665
459,459,data/IMG/460.jpg,52110,0.06593577315413332
460,460,data/IMG/461.jpg,52170,0.08221766849356668
461,461,data/IMG/462.jpg,52245,0.09848885238153332
462,462,data/IMG/463.jpg,52320,0.114770742754
463,463,data/IMG/464.jpg,52380,0.1283327415585
464,464,data/IMG/465.jpg,52440,0.14190544684733333
465,465,data/IMG/466.jpg,52515,0.15817663570233334
466,466,data/IMG/467.jpg,52575,0.17445852359133332
467,467,data/IMG/468.jpg,52635,0.1907350619633333
468,468,data/IMG/469.jpg,52710,0.20701695481933333
469,469,data/IMG/470.jpg,52770,0.22329349319133326
470,470,data/IMG/471.jpg,52830,0.24137972295266666
471,471,data/IMG/472.jpg,52890,0.2612756590046667
472,472,data/IMG/473.jpg,52965,0.2775521874426667
473,473,data/IMG/474.jpg,53025,0.293834080299
474,474,data/IMG/475.jpg,53085,0.3073960840705
475,475,data/IMG/476.jpg,53145,0.3173494040963333
476,476,data/IMG/477.jpg,53220,0.3263871570426667
477,477,data/IMG/478.jpg,53280,0.34266904989899993
478,478,data/IMG/479.jpg,53340,0.3589455982046667
479,479,data/IMG/480.jpg,53415,0.37884150942166667
480,480,data/IMG/481.jpg,53475,0.4150139788790001
481,481,data/IMG/482.jpg,53535,0.43491526444766665
482,482,data/IMG/483.jpg,53610,0.4132042825223334
483,483,data/IMG/484.jpg,53670,0.3227784732976666
484,484,data/IMG/485.jpg,53745,0.2802667319775
485,485,data/IMG/486.jpg,53805,0.194354454676
486,486,data/IMG/487.jpg,53880,0.031296463062366664
487,487,data/IMG/488.jpg,53940,0.002080880415936668
488,488,data/IMG/489.jpg,54015,0.042420460532099996
489,489,data/IMG/490.jpg,54075,0.060512046019266665
490,490,data/IMG/491.jpg,54150,0.07678858439126666
491,491,data/IMG/492.jpg,54225,0.09306512524683334
492,492,data/IMG/493.jpg,54300,0.109347015619
493,493,data/IMG/494.jpg,54360,0.12561819950733333
494,494,data/IMG/495.jpg,54435,0.139190904796
495,495,data/IMG/496.jpg,54495,0.15275290608400002
496,496,data/IMG/497.jpg,54555,0.16903479893999998
497,497,data/IMG/498.jpg,54630,0.185305977861
498,498,data/IMG/499.jpg,54690,0.201593225201
499,499,data/IMG/500.jpg,54765,0.217864414056
500,500,data/IMG/501.jpg,54825,0.22329349319133326
501,501,data/IMG/502.jpg,54885,0.18531133731199997
502,502,data/IMG/503.jpg,54960,0.16722510258366666
503,503,data/IMG/504.jpg,55020,0.13104728360989998
504,504,data/IMG/505.jpg,55095,0.06232174113393332
505,505,data/IMG/506.jpg,55155,0.0
506,506,data/IMG/507.jpg,55215,0.002080880415936668
507,507,data/IMG/508.jpg,55290,0.0713648572564
508,508,data/IMG/509.jpg,55350,0.10030390073853336
509,509,data/IMG/510.jpg,55410,0.15818198521933333
510,510,data/IMG/511.jpg,55485,0.17988225320966664
511,511,data/IMG/512.jpg,55545,0.19616414109866667
512,512,data/IMG/513.jpg,55605,0.19616414109866667
513,513,data/IMG/514.jpg,55680,0.11115670949203334
514,514,data/IMG/515.jpg,55740,0.0641260792812
515,515,data/IMG/516.jpg,55800,0.00855040270835
516,516,data/IMG/517.jpg,55875,0.0349104963243
517,517,data/IMG/518.jpg,55950,0.12561819950723332
518,518,data/IMG/519.jpg,56010,0.2033975670733333
519,519,data/IMG/520.jpg,56070,0.246803452571
520,520,data/IMG/521.jpg,56145,0.29383408029900004
521,521,data/IMG/522.jpg,56205,0.31553970774
522,522,data/IMG/523.jpg,56280,0.32457746068633336
523,523,data/IMG/524.jpg,56355,0.34266904989866664
524,524,data/IMG/525.jpg,56430,0.364369322856
525,525,data/IMG/526.jpg,56505,0.35623373091250005
526,526,data/IMG/527.jpg,56580,0.270318776369
527,527,data/IMG/528.jpg,56655,0.214250375827
528,528,data/IMG/529.jpg,56730,0.058702352456669986
529,529,data/IMG/530.jpg,56790,0.0
530,530,data/IMG/531.jpg,56865,0.002080880415936668
531,531,data/IMG/532.jpg,56925,0.017100806037566658
532,532,data/IMG/533.jpg,57000,0.0333773444096
533,533,data/IMG/534.jpg,57060,0.060512046019266665
534,534,data/IMG/535.jpg,57120,0.08764139811196668
535,535,data/IMG/536.jpg,57195,0.112961048881
536,536,data/IMG/537.jpg,57270,0.1283327415585
537,537,data/IMG/538.jpg,57345,0.14190544684733333
538,538,data/IMG/539.jpg,57405,0.15094321469466668
539,539,data/IMG/540.jpg,57480,0.15998632709166666
540,540,data/IMG/541.jpg,57540,0.15637229382999998
541,541,data/IMG/542.jpg,57615,0.11115135749156664
542,542,data/IMG/543.jpg,57675,0.047849544013533335
543,543,data/IMG/544.jpg,57735,0.00027654052246366665
544,544,data/IMG/545.jpg,57810,0.0
545,545,data/IMG/546.jpg,57870,0.0
546,546,data/IMG/547.jpg,57945,0.0004148107836955
547,547,data/IMG/548.jpg,58005,0.01167172348747
548,548,data/IMG/549.jpg,58065,0.027953616032966658
549,549,data/IMG/550.jpg,58125,0.04423015564680001
550,550,data/IMG/551.jpg,58200,0.060512046019266665
551,551,data/IMG/552.jpg,58260,0.07678858439126666
552,552,data/IMG/553.jpg,58320,0.09306512524683334
553,553,data/IMG/554.jpg,58380,0.11477074523733333
554,554,data/IMG/555.jpg,58455,0.18350164095566668
555,555,data/IMG/556.jpg,58515,0.20701695481933333
556,556,data/IMG/557.jpg,58575,0.215149872005
557,557,data/IMG/558.jpg,58650,0.22329349319133326
558,558,data/IMG/559.jpg,58725,0.2395700315633333
559,559,data/IMG/560.jpg,58800,0.2558519244193333
560,560,data/IMG/561.jpg,58860,0.2721231083073333
561,561,data/IMG/562.jpg,58935,0.29021469751999995
562,562,data/IMG/563.jpg,58995,0.319153736035
563,563,data/IMG/564.jpg,59070,0.33000119527166666
564,564,data/IMG/565.jpg,59130,0.319153736035
565,565,data/IMG/566.jpg,59205,0.27393280466366665
566,566,data/IMG/567.jpg,59265,0.2395700315633333
567,567,data/IMG/568.jpg,59340,0.193449601531
568,568,data/IMG/569.jpg,59415,0.12019982685633332
569,569,data/IMG/570.jpg,59475,0.09306512524683334
570,570,data/IMG/571.jpg,59535,0.07497889051833333
571,571,data/IMG/572.jpg,59595,0.031573005020599995
572,572,data/IMG/573.jpg,59670,0.011671723487470002
573,573,data/IMG/574.jpg,59730,0.00027654052246366665
574,574,data/IMG/575.jpg,59790,0.0
575,575,data/IMG/576.jpg,59850,0.0
576,576,data/IMG/577.jpg,59925,0.0
577,577,data/IMG/578.jpg,59985,0.0
578,578,data/IMG/579.jpg,60030,0.0
579,579,data/IMG/580.jpg,60105,0.0
580,580,data/IMG/581.jpg,60165,0.0
581,581,data/IMG/582.jpg,60240,0.0
582,582,data/IMG/583.jpg,60300,0.015296465833663668
583,583,data/IMG/584.jpg,60375,0.058702352146299985
584,584,data/IMG/585.jpg,60450,0.09848885238153332
585,585,data/IMG/586.jpg,60525,0.10029854625446666
586,586,data/IMG/587.jpg,60600,0.10210824012723334
587,587,data/IMG/588.jpg,60660,0.10120339319085
588,588,data/IMG/589.jpg,60735,0.10029854625446666
589,589,data/IMG/590.jpg,60810,0.10210824012723334
590,590,data/IMG/591.jpg,60870,0.10029854625446666
591,591,data/IMG/592.jpg,60930,0.07678858439126666
592,592,data/IMG/593.jpg,61005,0.02433422766623333
593,593,data/IMG/594.jpg,61065,0.002080880415936668
594,594,data/IMG/595.jpg,61125,0.0
595,595,data/IMG/596.jpg,61200,0.0
596,596,data/IMG/597.jpg,61275,0.0
597,597,data/IMG/598.jpg,61335,0.0
598,598,data/IMG/599.jpg,61395,0.0
599,599,data/IMG/600.jpg,61470,0.0
600,600,data/IMG/601.jpg,61530,0.0
601,601,data/IMG/602.jpg,61605,0.0
602,602,data/IMG/603.jpg,61680,0.0
603,603,data/IMG/604.jpg,61740,0.0
604,604,data/IMG/605.jpg,61815,0.0
605,605,data/IMG/606.jpg,61875,0.0
606,606,data/IMG/607.jpg,61950,0.0
607,607,data/IMG/608.jpg,62025,0.002357420938400333
608,608,data/IMG/609.jpg,62085,0.0143862646073
609,609,data/IMG/610.jpg,62160,0.03699673339723334
610,610,data/IMG/611.jpg,62220,0.0550883188844
611,611,data/IMG/612.jpg,62295,0.07135950028896666
612,612,data/IMG/613.jpg,62355,0.08040797462063333
613,613,data/IMG/614.jpg,62430,0.07859827826416667
614,614,data/IMG/615.jpg,62490,0.08040797462063333
615,615,data/IMG/616.jpg,62550,0.08945109198489999
616,616,data/IMG/617.jpg,62625,0.1021082401273
617,617,data/IMG/618.jpg,62685,0.13466667135566668
618,618,data/IMG/619.jpg,62745,0.16632025688899998
619,619,data/IMG/620.jpg,62820,0.1907350569963333
620,620,data/IMG/621.jpg,62880,0.21244068443766664
621,621,data/IMG/622.jpg,62955,0.20882129669166669
622,622,data/IMG/623.jpg,63030,0.17988225320966664
623,623,data/IMG/624.jpg,63105,0.16179602344833333
624,624,data/IMG/625.jpg,63165,0.15998632709166666
625,625,data/IMG/626.jpg,63240,0.15998632709166666
626,626,data/IMG/627.jpg,63315,0.15817663570233334
627,627,data/IMG/628.jpg,63375,0.140095750491
628,628,data/IMG/629.jpg,63450,0.1229036599395
629,629,data/IMG/630.jpg,63510,0.09848885238153332
630,630,data/IMG/631.jpg,63570,0.08221766849356668
631,631,data/IMG/632.jpg,63645,0.06593577315413332
632,632,data/IMG/633.jpg,63705,0.04603984951973333
633,633,data/IMG/634.jpg,63780,0.027953616032966658
634,634,data/IMG/635.jpg,63840,0.008057689410633671
635,635,data/IMG/636.jpg,63915,0.0
636,636,data/IMG/637.jpg,63975,0.0
637,637,data/IMG/638.jpg,64035,0.0
638,638,data/IMG/639.jpg,64110,0.0
639,639,data/IMG/640.jpg,64170,0.0
640,640,data/IMG/641.jpg,64245,0.0
641,641,data/IMG/642.jpg,64305,0.0
642,642,data/IMG/643.jpg,64365,0.0
643,643,data/IMG/644.jpg,64440,0.0
644,644,data/IMG/645.jpg,64500,0.0
645,645,data/IMG/646.jpg,64575,0.0
646,646,data/IMG/647.jpg,64635,0.0
647,647,data/IMG/648.jpg,64710,0.0
648,648,data/IMG/649.jpg,64785,0.0
649,649,data/IMG/650.jpg,64845,-0.049643175676500007
650,650,data/IMG/651.jpg,64920,-0.09304906179506668
651,651,data/IMG/652.jpg,64995,-0.10028248280293332
652,652,data/IMG/653.jpg,65070,-0.036709483402466665
653,653,data/IMG/654.jpg,65145,0.0
654,654,data/IMG/655.jpg,65205,-0.013199523091333334
655,655,data/IMG/656.jpg,65280,-0.0279429070652
656,656,data/IMG/657.jpg,65340,-0.0279429070652
657,657,data/IMG/658.jpg,65415,-0.024323519319333336
658,658,data/IMG/659.jpg,65475,-0.002346712804866333
659,659,data/IMG/660.jpg,65535,0.0
660,660,data/IMG/661.jpg,65610,0.0
661,661,data/IMG/662.jpg,65670,0.0
662,662,data/IMG/663.jpg,65745,-0.016813557595033342
663,663,data/IMG/664.jpg,65805,-0.074968184034
664,664,data/IMG/665.jpg,65880,-0.112944987913
665,665,data/IMG/666.jpg,65955,-0.13103122015799998
666,666,data/IMG/667.jpg,66030,-0.14731311301366667
667,667,data/IMG/668.jpg,66090,-0.1744424651066667
668,668,data/IMG/669.jpg,66165,-0.196148082614
669,669,data/IMG/670.jpg,66225,-0.212424620986
670,670,data/IMG/671.jpg,66300,-0.225991971791
671,671,data/IMG/672.jpg,66375,-0.19795777400366665
672,672,data/IMG/673.jpg,66450,-0.15273684263233334
673,673,data/IMG/674.jpg,66510,-0.09847278893003332
674,674,data/IMG/675.jpg,66585,-0.05118168145416666
675,675,data/IMG/676.jpg,66645,0.0
676,676,data/IMG/677.jpg,66705,0.0
677,677,data/IMG/678.jpg,66765,0.0
678,678,data/IMG/679.jpg,66840,0.0
679,679,data/IMG/680.jpg,66900,0.0
680,680,data/IMG/681.jpg,66960,0.0
681,681,data/IMG/682.jpg,67020,0.0
682,682,data/IMG/683.jpg,67080,0.0
683,683,data/IMG/684.jpg,67155,0.0
684,684,data/IMG/685.jpg,67215,0.0
685,685,data/IMG/686.jpg,67290,0.0
686,686,data/IMG/687.jpg,67350,0.0
687,687,data/IMG/688.jpg,67425,0.0
688,688,data/IMG/689.jpg,67485,0.0
689,689,data/IMG/690.jpg,67545,0.0
690,690,data/IMG/691.jpg,67620,0.0
691,691,data/IMG/692.jpg,67680,0.0038905745993
692,692,data/IMG/693.jpg,67740,0.027953616032966658
693,693,data/IMG/694.jpg,67815,0.04603984951973333
694,694,data/IMG/695.jpg,67890,0.06593577315413332
695,695,data/IMG/696.jpg,67950,0.0894510895012
696,696,data/IMG/697.jpg,68010,0.13466667135566668
697,697,data/IMG/698.jpg,68085,0.15817663570233334
698,698,data/IMG/699.jpg,68145,0.1762682199476667
699,699,data/IMG/700.jpg,68205,0.19616414109866667
700,700,data/IMG/701.jpg,68265,0.21244068443766664
701,701,data/IMG/702.jpg,68325,0.2260080352425
702,702,data/IMG/703.jpg,68400,0.2395700315633333
703,703,data/IMG/704.jpg,68460,0.2558519244193333
704,704,data/IMG/705.jpg,68520,0.2721231083073333
705,705,data/IMG/706.jpg,68595,0.2847909728686667
706,706,data/IMG/707.jpg,68640,0.2866006692253333
707,707,data/IMG/708.jpg,68715,0.2866006692253333
708,708,data/IMG/709.jpg,68775,0.2685090800123333
709,709,data/IMG/710.jpg,68850,0.2431894193093333
710,710,data/IMG/711.jpg,68925,0.2287225772936667
711,711,data/IMG/712.jpg,68985,0.2015851959585
712,712,data/IMG/713.jpg,69060,0.06565923243756666
713,713,data/IMG/714.jpg,69135,0.0
714,714,data/IMG/715.jpg,69210,0.0
715,715,data/IMG/716.jpg,69270,0.002357420938400333
716,716,data/IMG/717.jpg,69345,0.017100806037566658
717,717,data/IMG/718.jpg,69405,0.0333773444096
718,718,data/IMG/719.jpg,69480,0.049659237265599995
719,719,data/IMG/720.jpg,69555,0.06593577315413332
720,720,data/IMG/721.jpg,69615,0.08221766849356668
721,721,data/IMG/722.jpg,69675,0.09577431157230001
722,722,data/IMG/723.jpg,69735,0.09848885238153332
723,723,data/IMG/724.jpg,69810,0.10029854625446666
724,724,data/IMG/725.jpg,69870,0.10210824012723334
725,725,data/IMG/726.jpg,69930,0.105727627873
726,726,data/IMG/727.jpg,70005,0.1364763652283333
727,727,data/IMG/728.jpg,70065,0.2287225723266667
728,728,data/IMG/729.jpg,70125,0.2811715801556667
729,729,data/IMG/730.jpg,70200,0.2847909728686667
730,730,data/IMG/731.jpg,70260,0.2866006692253333
731,731,data/IMG/732.jpg,70320,0.285695821047
732,732,data/IMG/733.jpg,70395,0.2847909728686667
733,733,data/IMG/734.jpg,70455,0.2847909728686667
734,734,data/IMG/735.jpg,70530,0.2866006692253333
735,735,data/IMG/736.jpg,70605,0.2757425010203333
736,736,data/IMG/737.jpg,70665,0.2431894193093333
737,737,data/IMG/738.jpg,70740,0.12381921211880002
738,738,data/IMG/739.jpg,70800,0.0
739,739,data/IMG/740.jpg,70875,0.0
740,740,data/IMG/741.jpg,70950,0.0
741,741,data/IMG/742.jpg,71010,0.0
742,742,data/IMG/743.jpg,71085,0.0
743,743,data/IMG/744.jpg,71160,0.00027654052246366665
744,744,data/IMG/745.jpg,71220,0.015291111854203334
745,745,data/IMG/746.jpg,71280,0.049653881539900004
746,746,data/IMG/747.jpg,71355,0.08583170175549999
747,747,data/IMG/748.jpg,71415,0.11115135500800001
748,748,data/IMG/749.jpg,71475,0.14913351833833335
749,749,data/IMG/750.jpg,71535,0.17445852359133332
750,750,data/IMG/751.jpg,71610,0.1907350619633333
751,751,data/IMG/752.jpg,71670,0.21425037582733333
752,752,data/IMG/753.jpg,71745,0.24499375373100002
753,753,data/IMG/754.jpg,71805,0.26850908001233337
754,754,data/IMG/755.jpg,71880,0.28479096293466666
755,755,data/IMG/756.jpg,71955,0.21967945992933333
756,756,data/IMG/757.jpg,72015,0.18711567421766664
757,757,data/IMG/758.jpg,72090,0.174463883042
758,758,data/IMG/759.jpg,72165,0.17265418668566668
759,759,data/IMG/760.jpg,72240,0.15456259747333334
760,760,data/IMG/761.jpg,72315,0.02921558419863333
761,761,data/IMG/762.jpg,72375,0.0
762,762,data/IMG/763.jpg,72450,0.0
763,763,data/IMG/764.jpg,72510,0.0
764,764,data/IMG/765.jpg,72585,0.0
765,765,data/IMG/766.jpg,72645,0.00027654052246366665
766,766,data/IMG/767.jpg,72705,0.01167172348747
767,767,data/IMG/768.jpg,72765,0.027953616032966658
768,768,data/IMG/769.jpg,72840,0.04423015564680001
769,769,data/IMG/770.jpg,72900,0.060512046019266665
770,770,data/IMG/771.jpg,72960,0.06954980641606667
771,771,data/IMG/772.jpg,73035,0.08221766849356668
772,772,data/IMG/773.jpg,73110,0.09848885238153332
773,773,data/IMG/774.jpg,73170,0.1120615564285
774,774,data/IMG/775.jpg,73230,0.12561819950733333
775,775,data/IMG/776.jpg,73305,0.14190544684733333
776,776,data/IMG/777.jpg,73365,0.15817663570233334
777,777,data/IMG/778.jpg,73440,0.16360571483766664
778,778,data/IMG/779.jpg,73515,0.169034793973
779,779,data/IMG/780.jpg,73575,0.169034793973
780,780,data/IMG/781.jpg,73650,0.169034793973
781,781,data/IMG/782.jpg,73710,0.165415406227
782,782,data/IMG/783.jpg,73785,0.14732917646566668
783,783,data/IMG/784.jpg,73845,0.13376182317750002
784,784,data/IMG/785.jpg,73905,0.10391257951653332
785,785,data/IMG/786.jpg,73965,0.06232174237570001
786,786,data/IMG/787.jpg,74025,0.027953616032966658
787,787,data/IMG/788.jpg,74100,0.002080880415936668
788,788,data/IMG/789.jpg,74160,0.0
789,789,data/IMG/790.jpg,74220,0.0
790,790,data/IMG/791.jpg,74280,0.0
791,791,data/IMG/792.jpg,74340,0.0
792,792,data/IMG/793.jpg,74415,0.0
793,793,data/IMG/794.jpg,74475,0.0
794,794,data/IMG/795.jpg,74550,0.0
795,795,data/IMG/796.jpg,74610,0.0
796,796,data/IMG/797.jpg,74685,0.0
797,797,data/IMG/798.jpg,74745,0.0
798,798,data/IMG/799.jpg,74820,0.0
799,799,data/IMG/800.jpg,74880,0.0
800,800,data/IMG/801.jpg,74940,0.0
801,801,data/IMG/802.jpg,75015,0.0
802,802,data/IMG/803.jpg,75075,0.0
803,803,data/IMG/804.jpg,75150,0.0
804,804,data/IMG/805.jpg,75210,0.0
805,805,data/IMG/806.jpg,75285,0.0
806,806,data/IMG/807.jpg,75345,0.0
807,807,data/IMG/808.jpg,75405,0.0
808,808,data/IMG/809.jpg,75480,0.0
809,809,data/IMG/810.jpg,75540,0.0
810,810,data/IMG/811.jpg,75615,0.006247995537700334
811,811,data/IMG/812.jpg,75675,0.0207201944043
812,812,data/IMG/813.jpg,75750,0.027953616032966658
813,813,data/IMG/814.jpg,75810,0.0369913789133
814,814,data/IMG/815.jpg,75870,0.046944696456199995
815,815,data/IMG/816.jpg,75930,0.060512046019266665
816,816,data/IMG/817.jpg,76005,0.07678858439126666
817,817,data/IMG/818.jpg,76065,0.09306512524683334
818,818,data/IMG/819.jpg,76140,0.112961048881
819,819,data/IMG/820.jpg,76200,0.13285697499899998
820,820,data/IMG/821.jpg,76275,0.15275290608400002
821,821,data/IMG/822.jpg,76335,0.16903479893999998
822,822,data/IMG/823.jpg,76410,0.1834962864716667
823,823,data/IMG/824.jpg,76485,0.190735056996
824,824,data/IMG/825.jpg,76545,0.193449601531
825,825,data/IMG/826.jpg,76620,0.19435444970933333
826,826,data/IMG/827.jpg,76680,0.19978352884466669
827,827,data/IMG/828.jpg,76755,0.201593220234
828,828,data/IMG/829.jpg,76830,0.1871210237343333
829,829,data/IMG/830.jpg,76890,0.07316919664533332
830,830,data/IMG/831.jpg,76965,0.017100806037566658
831,831,data/IMG/832.jpg,77025,0.002357420938400333
832,832,data/IMG/833.jpg,77085,0.0
833,833,data/IMG/834.jpg,77160,0.0
834,834,data/IMG/835.jpg,77205,0.0
835,835,data/IMG/836.jpg,77280,0.0
836,836,data/IMG/837.jpg,77340,0.0
837,837,data/IMG/838.jpg,77415,0.0
838,838,data/IMG/839.jpg,77475,0.0
839,839,data/IMG/840.jpg,77550,0.0
840,840,data/IMG/841.jpg,77625,0.0
841,841,data/IMG/842.jpg,77685,0.00027654052246366665
842,842,data/IMG/843.jpg,77745,0.01167172348747
843,843,data/IMG/844.jpg,77805,0.0333773444096
844,844,data/IMG/845.jpg,77880,0.062316385408266665
845,845,data/IMG/846.jpg,77940,0.08493221178650001
846,846,data/IMG/847.jpg,78015,0.09848885238153332
847,847,data/IMG/848.jpg,78090,0.114770742754
848,848,data/IMG/849.jpg,78165,0.13104728360966664
849,849,data/IMG/850.jpg,78225,0.14732917646566668
850,850,data/IMG/851.jpg,78300,0.15094321469466668
851,851,data/IMG/852.jpg,78360,0.15094321469466668
852,852,data/IMG/853.jpg,78435,0.152747556567
853,853,data/IMG/854.jpg,78510,0.14913351833799998
854,854,data/IMG/855.jpg,78570,0.10753196726223334
855,855,data/IMG/856.jpg,78630,0.0984888523817
856,856,data/IMG/857.jpg,78690,0.09848885238169998
857,857,data/IMG/858.jpg,78765,0.09848885238169998
858,858,data/IMG/859.jpg,78825,0.09848885238169998
859,859,data/IMG/860.jpg,78900,0.10391793400023333
860,860,data/IMG/861.jpg,78960,0.11658043662699999
861,861,data/IMG/862.jpg,79035,0.12742789586366665
862,862,data/IMG/863.jpg,79095,0.14009575049066667
863,863,data/IMG/864.jpg,79155,0.14371513823666668
864,864,data/IMG/865.jpg,79230,0.15275290608400002
865,865,data/IMG/866.jpg,79290,0.1690348014235
866,866,data/IMG/867.jpg,79350,0.185305977861
867,867,data/IMG/868.jpg,79425,0.19254475335266666
868,868,data/IMG/869.jpg,79485,0.19616414606600005
869,869,data/IMG/870.jpg,79545,0.19616414606600005
870,870,data/IMG/871.jpg,79620,0.19616414606600005
871,871,data/IMG/872.jpg,79680,0.19616414606600005
872,872,data/IMG/873.jpg,79755,0.19616414606600005
873,873,data/IMG/874.jpg,79815,0.19978352884466669
874,874,data/IMG/875.jpg,79890,0.1979738374553333
875,875,data/IMG/876.jpg,79950,0.17988224824266666
876,876,data/IMG/877.jpg,80025,0.14190544933100002
877,877,data/IMG/878.jpg,80085,0.12561819950733333
878,878,data/IMG/879.jpg,80160,0.11658043662700004
879,879,data/IMG/880.jpg,80220,0.11658043662700004
880,880,data/IMG/881.jpg,80295,0.112966403365
881,881,data/IMG/882.jpg,80370,0.09848885238153332
882,882,data/IMG/883.jpg,80430,0.05689265951513334
883,883,data/IMG/884.jpg,80490,0.005700268472233335
884,884,data/IMG/885.jpg,80565,0.0
885,885,data/IMG/886.jpg,80625,0.0
886,886,data/IMG/887.jpg,80700,0.0
887,887,data/IMG/888.jpg,80760,0.0
888,888,data/IMG/889.jpg,80820,0.0
889,889,data/IMG/890.jpg,80895,0.0
890,890,data/IMG/891.jpg,80955,0.0
891,891,data/IMG/892.jpg,81030,0.0
892,892,data/IMG/893.jpg,81090,0.0
893,893,data/IMG/894.jpg,81165,0.0
894,894,data/IMG/895.jpg,81225,0.007781148888170002
895,895,data/IMG/896.jpg,81300,0.027953616032966658
896,896,data/IMG/897.jpg,81360,0.0415156148374
897,897,data/IMG/898.jpg,81435,0.04061076790093333
898,898,data/IMG/899.jpg,81480,0.044230155646800016
899,899,data/IMG/900.jpg,81555,0.044230155646800016
900,900,data/IMG/901.jpg,81630,0.044230155646800016
901,901,data/IMG/902.jpg,81690,0.044230155646800016
902,902,data/IMG/903.jpg,81750,0.044230155646800016
903,903,data/IMG/904.jpg,81825,0.051468931138533326
904,904,data/IMG/905.jpg,81885,0.060512046019266665
905,905,data/IMG/906.jpg,81960,0.06774011254313334
906,906,data/IMG/907.jpg,82020,0.08221766849356668
907,907,data/IMG/908.jpg,82080,0.09577431157230001
908,908,data/IMG/909.jpg,82140,0.105727627873
909,909,data/IMG/910.jpg,82215,0.112966403365
910,910,data/IMG/911.jpg,82275,0.118384776016
911,911,data/IMG/912.jpg,82335,0.12380850811766668
912,912,data/IMG/913.jpg,82410,0.12923758725333334
913,913,data/IMG/914.jpg,82470,0.14371513823666668
914,914,data/IMG/915.jpg,82530,0.15275290608400002
915,915,data/IMG/916.jpg,82590,0.16179602344833333
916,916,data/IMG/917.jpg,82650,0.163605719805
917,917,data/IMG/918.jpg,82710,0.16632025688899998
918,918,data/IMG/919.jpg,82770,0.17084449032933335
919,919,data/IMG/920.jpg,82830,0.174463883042
920,920,data/IMG/921.jpg,82905,0.174463883042
921,921,data/IMG/922.jpg,82965,0.17265418668566668
922,922,data/IMG/923.jpg,83025,0.09667915975029999
923,923,data/IMG/924.jpg,83100,0.0
924,924,data/IMG/925.jpg,83160,0.0
925,925,data/IMG/926.jpg,83220,0.0
926,926,data/IMG/927.jpg,83295,0.0
927,927,data/IMG/928.jpg,83355,0.0
928,928,data/IMG/929.jpg,83415,0.0
929,929,data/IMG/930.jpg,83490,0.0
930,930,data/IMG/931.jpg,83550,0.0
931,931,data/IMG/932.jpg,83610,0.0
932,932,data/IMG/933.jpg,83685,0.0
933,933,data/IMG/934.jpg,83745,0.0
934,934,data/IMG/935.jpg,83805,0.015019925311200001
935,935,data/IMG/936.jpg,83880,0.04423015564680001
936,936,data/IMG/937.jpg,83940,0.05327862501146666
937,937,data/IMG/938.jpg,84000,0.0550883188844
938,938,data/IMG/939.jpg,84060,0.04423818551005
939,939,data/IMG/940.jpg,84135,0.002080880415936668
940,940,data/IMG/941.jpg,84195,0.0
941,941,data/IMG/942.jpg,84270,0.0
942,942,data/IMG/943.jpg,84345,0.0
943,943,data/IMG/944.jpg,84405,0.0005530810449273333
944,944,data/IMG/945.jpg,84480,0.002357420938400333
945,945,data/IMG/946.jpg,84555,0.0207201944043
946,946,data/IMG/947.jpg,84630,0.042420460532099996
947,947,data/IMG/948.jpg,84705,0.060512046019266665
948,948,data/IMG/949.jpg,84780,0.06322390958669999
949,949,data/IMG/950.jpg,84855,0.07678858439126666
950,950,data/IMG/951.jpg,84930,0.09306512524683334
951,951,data/IMG/952.jpg,85005,0.11115135500800001
952,952,data/IMG/953.jpg,85065,0.14370978872
953,953,data/IMG/954.jpg,85140,0.17626821994766664
954,954,data/IMG/955.jpg,85200,0.2124406844376667
955,955,data/IMG/956.jpg,85260,0.241379722953
956,956,data/IMG/957.jpg,85335,0.2612756590046667
957,957,data/IMG/958.jpg,85410,0.2775521874426667
958,958,data/IMG/959.jpg,85470,0.293831408024
959,959,data/IMG/960.jpg,85545,0.310110628605
960,960,data/IMG/961.jpg,85605,0.3191590905186667
961,961,data/IMG/962.jpg,85680,0.3318108916283333
962,962,data/IMG/963.jpg,85740,0.34809812903399995
963,963,data/IMG/964.jpg,85800,0.35894024372100003
964,964,data/IMG/965.jpg,85875,0.3535218636193333
965,965,data/IMG/966.jpg,85935,0.3137246568996666
966,966,data/IMG/967.jpg,86010,0.12381386011839997
967,967,data/IMG/968.jpg,86070,0.035187038282533334
968,968,data/IMG/969.jpg,86145,0.002080880415936668
969,969,data/IMG/970.jpg,86205,0.0
970,970,data/IMG/971.jpg,86280,0.0
971,971,data/IMG/972.jpg,86340,0.0
972,972,data/IMG/973.jpg,86415,0.0038905745993
973,973,data/IMG/974.jpg,86490,0.04784954339266666
974,974,data/IMG/975.jpg,86565,0.07497889051833333
975,975,data/IMG/976.jpg,86625,0.09306512524683334
976,976,data/IMG/977.jpg,86685,0.11839013298333335
977,977,data/IMG/978.jpg,86745,0.17807255685333334
978,978,data/IMG/979.jpg,86820,0.20701695481933333
979,979,data/IMG/980.jpg,86880,0.23143711686150004
980,980,data/IMG/981.jpg,86955,0.2413743684686667
981,981,data/IMG/982.jpg,87015,0.2431840648253333
982,982,data/IMG/983.jpg,87090,0.2413743684686667
983,983,data/IMG/984.jpg,87150,0.2431840648253333
984,984,data/IMG/985.jpg,87225,0.2413743684686667
985,985,data/IMG/986.jpg,87285,0.2359559983013333
986,986,data/IMG/987.jpg,87360,0.221483801802
987,987,data/IMG/988.jpg,87420,0.201593225201
988,988,data/IMG/989.jpg,87495,0.174458523591
989,989,data/IMG/990.jpg,87555,0.1283327415585
990,990,data/IMG/991.jpg,87630,0.12199881176133333
991,991,data/IMG/992.jpg,87705,0.12380850811766668
992,992,data/IMG/993.jpg,87765,0.12199881176133333
993,993,data/IMG/994.jpg,87840,0.12380850811766668
994,994,data/IMG/995.jpg,87900,0.12199881176133333
995,995,data/IMG/996.jpg,87975,0.12380850811766668
996,996,data/IMG/997.jpg,88035,0.12199881176133333
997,997,data/IMG/998.jpg,88095,0.12380850811766668
998,998,data/IMG/999.jpg,88155,0.12199881176133333
999,999,data/IMG/1000.jpg,88230,0.12380850811766668
1000,1000,data/IMG/1001.jpg,88290,0.1229036599395
1001,1001,data/IMG/1002.jpg,88365,0.12199881176133333
1002,1002,data/IMG/1003.jpg,88440,0.03101992358763334
1003,1003,data/IMG/1004.jpg,88500,0.0
1004,1004,data/IMG/1005.jpg,88560,0.0
1005,1005,data/IMG/1006.jpg,88635,0.0
1006,1006,data/IMG/1007.jpg,88695,0.0
1007,1007,data/IMG/1008.jpg,88770,0.0
1008,1008,data/IMG/1009.jpg,88845,0.0
1009,1009,data/IMG/1010.jpg,88905,0.0
1010,1010,data/IMG/1011.jpg,88965,0.0
1011,1011,data/IMG/1012.jpg,89040,0.0
1012,1012,data/IMG/1013.jpg,89115,0.0
1013,1013,data/IMG/1014.jpg,89190,0.0
1014,1014,data/IMG/1015.jpg,89250,0.0
1015,1015,data/IMG/1016.jpg,89325,0.0
1016,1016,data/IMG/1017.jpg,89385,0.0
1017,1017,data/IMG/1018.jpg,89460,0.0
1018,1018,data/IMG/1019.jpg,89520,0.0
1019,1019,data/IMG/1020.jpg,89595,0.002357420938400333
1020,1020,data/IMG/1021.jpg,89655,0.0198153471574
1021,1021,data/IMG/1022.jpg,89715,0.04423015440503333
1022,1022,data/IMG/1023.jpg,89790,0.06955516089996666
1023,1023,data/IMG/1024.jpg,89850,0.08764139811196668
1024,1024,data/IMG/1025.jpg,89910,0.09306512524683334
1025,1025,data/IMG/1026.jpg,89985,0.09667915850876667
1026,1026,data/IMG/1027.jpg,90045,0.10029854625446666
1027,1027,data/IMG/1028.jpg,90105,0.109347015619
1028,1028,data/IMG/1029.jpg,90165,0.12561819950733333
1029,1029,data/IMG/1030.jpg,90240,0.14190544684733333
1030,1030,data/IMG/1031.jpg,90300,0.15004104375850005
1031,1031,data/IMG/1032.jpg,90375,0.16360571483766664
1032,1032,data/IMG/1033.jpg,90450,0.17988225320966664
1033,1033,data/IMG/1034.jpg,90525,0.19616414109866667
1034,1034,data/IMG/1035.jpg,90600,0.207022309303
1035,1035,data/IMG/1036.jpg,90660,0.207022309303
1036,1036,data/IMG/1037.jpg,90720,0.207022309303
1037,1037,data/IMG/1038.jpg,90795,0.207022309303
1038,1038,data/IMG/1039.jpg,90855,0.18712102870133326
1039,1039,data/IMG/1040.jpg,90915,0.149138867855
1040,1040,data/IMG/1041.jpg,90990,0.12381386260166664
1041,1041,data/IMG/1042.jpg,91050,0.07950312644245
1042,1042,data/IMG/1043.jpg,91110,0.014743385215600003
1043,1043,data/IMG/1044.jpg,91170,0.0
1044,1044,data/IMG/1045.jpg,91230,0.0
1045,1045,data/IMG/1046.jpg,91305,0.0
1046,1046,data/IMG/1047.jpg,91365,0.0
1047,1047,data/IMG/1048.jpg,91440,0.0
1048,1048,data/IMG/1049.jpg,91500,0.0
1049,1049,data/IMG/1050.jpg,91575,0.0
1050,1050,data/IMG/1051.jpg,91650,0.0
1051,1051,data/IMG/1052.jpg,91710,0.0
1052,1052,data/IMG/1053.jpg,91785,0.006247995537700334
1053,1053,data/IMG/1054.jpg,91845,0.02252988827723333
1054,1054,data/IMG/1055.jpg,91905,0.03880107278623333
1055,1055,data/IMG/1056.jpg,91980,0.0550883188844
1056,1056,data/IMG/1057.jpg,92040,0.07135950028896666
1057,1057,data/IMG/1058.jpg,92115,0.08764139811196668
1058,1058,data/IMG/1059.jpg,92175,0.10391793400023333
1059,1059,data/IMG/1060.jpg,92235,0.12019447237233336
1060,1060,data/IMG/1061.jpg,92310,0.136476362745
1061,1061,data/IMG/1062.jpg,92370,0.15004104375850005
1062,1062,data/IMG/1063.jpg,92430,0.15998632709166666
1063,1063,data/IMG/1064.jpg,92490,0.16179602344833333
1064,1064,data/IMG/1065.jpg,92550,0.17445852359133332
1065,1065,data/IMG/1066.jpg,92625,0.1907350619633333
1066,1066,data/IMG/1067.jpg,92685,0.18893072009066667
1067,1067,data/IMG/1068.jpg,92745,0.149138867855
1068,1068,data/IMG/1069.jpg,92805,0.13104728360966664
1069,1069,data/IMG/1070.jpg,92880,0.118384776016
1070,1070,data/IMG/1071.jpg,92940,0.12199881176133333
1071,1071,data/IMG/1072.jpg,93015,0.12199881176133333
1072,1072,data/IMG/1073.jpg,93090,0.125618204474
1073,1073,data/IMG/1074.jpg,93150,0.125618204474
1074,1074,data/IMG/1075.jpg,93225,0.125618204474
1075,1075,data/IMG/1076.jpg,93300,0.125618204474
1076,1076,data/IMG/1077.jpg,93360,0.125618204474
1077,1077,data/IMG/1078.jpg,93435,0.125618204474
1078,1078,data/IMG/1079.jpg,93495,0.125618204474
1079,1079,data/IMG/1080.jpg,93570,0.125618204474
1080,1080,data/IMG/1081.jpg,93630,0.125618204474
1081,1081,data/IMG/1082.jpg,93690,0.125618204474
1082,1082,data/IMG/1083.jpg,93765,0.125618204474
1083,1083,data/IMG/1084.jpg,93825,0.125618204474
1084,1084,data/IMG/1085.jpg,93885,0.125618204474
1085,1085,data/IMG/1086.jpg,93960,0.12742789586366665
1086,1086,data/IMG/1087.jpg,94035,0.12742789586366665
1087,1087,data/IMG/1088.jpg,94095,0.12923758725333334
1088,1088,data/IMG/1089.jpg,94170,0.125618204474
1089,1089,data/IMG/1090.jpg,94230,0.12923758725333334
1090,1090,data/IMG/1091.jpg,94290,0.12742789586366665
1091,1091,data/IMG/1092.jpg,94350,0.12742789586366665
1092,1092,data/IMG/1093.jpg,94425,0.1283327415585
1093,1093,data/IMG/1094.jpg,94500,0.12742789586366665
1094,1094,data/IMG/1095.jpg,94575,0.136476362745
1095,1095,data/IMG/1096.jpg,94635,0.15275290608400002
1096,1096,data/IMG/1097.jpg,94710,0.17445852359133332
1097,1097,data/IMG/1098.jpg,94785,0.197973832488
1098,1098,data/IMG/1099.jpg,94860,0.19616414109866667
1099,1099,data/IMG/1100.jpg,94935,0.17264883220166669
1100,1100,data/IMG/1101.jpg,94995,0.12923758725299994
1101,1101,data/IMG/1102.jpg,95070,0.10029854625453333
1102,1102,data/IMG/1103.jpg,95130,0.07317455112936666
1103,1103,data/IMG/1104.jpg,95190,0.03338002227245
1104,1104,data/IMG/1105.jpg,95250,0.002080880415936668
1105,1105,data/IMG/1106.jpg,95310,0.0
1106,1106,data/IMG/1107.jpg,95370,0.0
1107,1107,data/IMG/1108.jpg,95430,0.0
1108,1108,data/IMG/1109.jpg,95490,0.0
1109,1109,data/IMG/1110.jpg,95565,0.0
1110,1110,data/IMG/1111.jpg,95625,0.002080880415936668
1111,1111,data/IMG/1112.jpg,95700,0.02252988827723333
1112,1112,data/IMG/1113.jpg,95760,0.03880107278623333
1113,1113,data/IMG/1114.jpg,95835,0.0415156148374
1114,1114,data/IMG/1115.jpg,95910,0.04061076790093333
1115,1115,data/IMG/1116.jpg,95970,0.04242046177386668
1116,1116,data/IMG/1117.jpg,96045,0.04061076790093333
1117,1117,data/IMG/1118.jpg,96120,0.049659237265599995
1118,1118,data/IMG/1119.jpg,96195,0.06593577315413332
1119,1119,data/IMG/1120.jpg,96255,0.08221766849356668
1120,1120,data/IMG/1121.jpg,96330,0.09848885238153332
1121,1121,data/IMG/1122.jpg,96390,0.114770742754
1122,1122,data/IMG/1123.jpg,96465,0.12380850811766668
1123,1123,data/IMG/1124.jpg,96525,0.13376182317750002
1124,1124,data/IMG/1125.jpg,96585,0.14732917646566668
1125,1125,data/IMG/1126.jpg,96645,0.158176630735
1126,1126,data/IMG/1127.jpg,96720,0.158176630735
1127,1127,data/IMG/1128.jpg,96780,0.158176630735
1128,1128,data/IMG/1129.jpg,96840,0.158176630735
1129,1129,data/IMG/1130.jpg,96900,0.158176630735
1130,1130,data/IMG/1131.jpg,96975,0.13828070710066667
1131,1131,data/IMG/1132.jpg,97035,0.04784954215086667
1132,1132,data/IMG/1133.jpg,97095,0.0
1133,1133,data/IMG/1134.jpg,97170,0.0
1134,1134,data/IMG/1135.jpg,97230,0.0
1135,1135,data/IMG/1136.jpg,97305,0.0
1136,1136,data/IMG/1137.jpg,97365,0.0
1137,1137,data/IMG/1138.jpg,97440,0.0
1138,1138,data/IMG/1139.jpg,97500,0.0
1139,1139,data/IMG/1140.jpg,97575,0.06050669277706666
1140,1140,data/IMG/1141.jpg,97635,0.1021082401273
1141,1141,data/IMG/1142.jpg,97710,0.12562355150766666
1142,1142,data/IMG/1143.jpg,97785,0.181691944599
1143,1143,data/IMG/1144.jpg,97845,0.1979738374553333
1144,1144,data/IMG/1145.jpg,97920,0.2043077647685
1145,1145,data/IMG/1146.jpg,97980,0.207022309303
1146,1146,data/IMG/1147.jpg,98055,0.21063099304833333
1147,1147,data/IMG/1148.jpg,98115,0.212435334921
1148,1148,data/IMG/1149.jpg,98175,0.212435334921
1149,1149,data/IMG/1150.jpg,98235,0.212435334921
1150,1150,data/IMG/1151.jpg,98310,0.212435334921
1151,1151,data/IMG/1152.jpg,98370,0.21063099304833333
1152,1152,data/IMG/1153.jpg,98430,0.212435334921
1153,1153,data/IMG/1154.jpg,98505,0.212435334921
1154,1154,data/IMG/1155.jpg,98550,0.163605712354
1155,1155,data/IMG/1156.jpg,98625,0.029486768568566663
1156,1156,data/IMG/1157.jpg,98685,0.0
1157,1157,data/IMG/1158.jpg,98760,0.0
1158,1158,data/IMG/1159.jpg,98835,0.0
1159,1159,data/IMG/1160.jpg,98910,0.0
1160,1160,data/IMG/1161.jpg,98970,0.0
1161,1161,data/IMG/1162.jpg,99045,0.0
1162,1162,data/IMG/1163.jpg,99105,0.0
1163,1163,data/IMG/1164.jpg,99180,0.0
1164,1164,data/IMG/1165.jpg,99240,0.0
1165,1165,data/IMG/1166.jpg,99300,0.0
1166,1166,data/IMG/1167.jpg,99375,0.0
1167,1167,data/IMG/1168.jpg,99450,0.0
1168,1168,data/IMG/1169.jpg,99510,0.0
1169,1169,data/IMG/1170.jpg,99570,0.0
1170,1170,data/IMG/1171.jpg,99630,0.0478495421509
1171,1171,data/IMG/1172.jpg,99705,0.07678858439126666
1172,1172,data/IMG/1173.jpg,99765,0.08583705872296668
1173,1173,data/IMG/1174.jpg,99825,0.08583705872296668
1174,1174,data/IMG/1175.jpg,99900,0.0876467525959
1175,1175,data/IMG/1176.jpg,99960,0.0876467525959
1176,1176,data/IMG/1177.jpg,100020,0.0876467525959
1177,1177,data/IMG/1178.jpg,100095,0.0876467525959
1178,1178,data/IMG/1179.jpg,100155,0.0876467525959
1179,1179,data/IMG/1180.jpg,100230,0.0876467525959
1180,1180,data/IMG/1181.jpg,100290,0.0876467525959
1181,1181,data/IMG/1182.jpg,100350,0.0876467525959
1182,1182,data/IMG/1183.jpg,100425,0.0876467525959
1183,1183,data/IMG/1184.jpg,100500,0.09306512524683334
1184,1184,data/IMG/1185.jpg,100575,0.09848885238153332
1185,1185,data/IMG/1186.jpg,100635,0.1120615564285
1186,1186,data/IMG/1187.jpg,100710,0.12561819950733333
1187,1187,data/IMG/1188.jpg,100770,0.14190544684733333
1188,1188,data/IMG/1189.jpg,100845,0.14551948507633336
1189,1189,data/IMG/1190.jpg,100920,0.11115135749156664
1190,1190,data/IMG/1191.jpg,100980,0.08764139811196665
1191,1191,data/IMG/1192.jpg,101040,0.05508296440046667
1192,1192,data/IMG/1193.jpg,101115,0.011677078087797
1193,1193,data/IMG/1194.jpg,101175,0.0
1194,1194,data/IMG/1195.jpg,101235,0.0
1195,1195,data/IMG/1196.jpg,101295,0.0
1196,1196,data/IMG/1197.jpg,101370,0.0
1197,1197,data/IMG/1198.jpg,101430,0.0
1198,1198,data/IMG/1199.jpg,101505,0.0038905745993
1199,1199,data/IMG/1200.jpg,101565,0.042420460532099996
1200,1200,data/IMG/1201.jpg,101640,0.060512046019266665
1201,1201,data/IMG/1202.jpg,101700,0.0641260792812
1202,1202,data/IMG/1203.jpg,101775,0.06774011254313334
1203,1203,data/IMG/1204.jpg,101850,0.06954980641606667
1204,1204,data/IMG/1205.jpg,101925,0.06954980641606666
1205,1205,data/IMG/1206.jpg,101985,0.06954980641606667
1206,1206,data/IMG/1207.jpg,102060,0.06864495947959999
1207,1207,data/IMG/1208.jpg,102135,0.071359500289
1208,1208,data/IMG/1209.jpg,102195,0.071359500289
1209,1209,data/IMG/1210.jpg,102270,0.06954980641606667
1210,1210,data/IMG/1211.jpg,102345,0.071359500289
1211,1211,data/IMG/1212.jpg,102405,0.08040797462063333
1212,1212,data/IMG/1213.jpg,102480,0.0948748191196
1213,1213,data/IMG/1214.jpg,102540,0.114770742754
1214,1214,data/IMG/1215.jpg,102600,0.13104728360966664
1215,1215,data/IMG/1216.jpg,102675,0.14190544187999998
1216,1216,data/IMG/1217.jpg,102735,0.14733453095
1217,1217,data/IMG/1218.jpg,102795,0.14913887282233335
1218,1218,data/IMG/1219.jpg,102855,0.14913887282233335
1219,1219,data/IMG/1220.jpg,102915,0.15094321469466668
1220,1220,data/IMG/1221.jpg,102990,0.15094321469466668
1221,1221,data/IMG/1222.jpg,103065,0.15455724795633333
1222,1222,data/IMG/1223.jpg,103125,0.15636693934566667
1223,1223,data/IMG/1224.jpg,103185,0.15455724795633333
1224,1224,data/IMG/1225.jpg,103260,0.152747556567
1225,1225,data/IMG/1226.jpg,103320,0.152747556567
1226,1226,data/IMG/1227.jpg,103395,0.1174826063215
1227,1227,data/IMG/1228.jpg,103470,0.0421492755413
1228,1228,data/IMG/1229.jpg,103530,0.0
1229,1229,data/IMG/1230.jpg,103605,0.0
1230,1230,data/IMG/1231.jpg,103680,0.0
1231,1231,data/IMG/1232.jpg,103755,0.0
1232,1232,data/IMG/1233.jpg,103815,0.0
1233,1233,data/IMG/1234.jpg,103890,0.0
1234,1234,data/IMG/1235.jpg,103950,0.0
1235,1235,data/IMG/1236.jpg,104010,0.0
1236,1236,data/IMG/1237.jpg,104070,0.0
1237,1237,data/IMG/1238.jpg,104130,0.0
1238,1238,data/IMG/1239.jpg,104190,0.0
1239,1239,data/IMG/1240.jpg,104265,0.0
1240,1240,data/IMG/1241.jpg,104325,0.0
1241,1241,data/IMG/1242.jpg,104385,0.0
1242,1242,data/IMG/1243.jpg,104460,0.0
1243,1243,data/IMG/1244.jpg,104520,0.0
1244,1244,data/IMG/1245.jpg,104595,0.0
1245,1245,data/IMG/1246.jpg,104655,0.0
1246,1246,data/IMG/1247.jpg,104730,0.0
1247,1247,data/IMG/1248.jpg,104790,0.0
1248,1248,data/IMG/1249.jpg,104865,0.0
1249,1249,data/IMG/1250.jpg,104925,0.0
1250,1250,data/IMG/1251.jpg,105000,0.0
1251,1251,data/IMG/1252.jpg,105060,0.0
1252,1252,data/IMG/1253.jpg,105135,0.0
1253,1253,data/IMG/1254.jpg,105195,0.0
1254,1254,data/IMG/1255.jpg,105270,0.006247995537700334
1255,1255,data/IMG/1256.jpg,105345,0.02252988827723333
1256,1256,data/IMG/1257.jpg,105420,0.04423015564680001
1257,1257,data/IMG/1258.jpg,105480,0.057802859693800016
1258,1258,data/IMG/1259.jpg,105555,0.07135950028896666
1259,1259,data/IMG/1260.jpg,105630,0.08764139811196668
1260,1260,data/IMG/1261.jpg,105705,0.112961048881
1261,1261,data/IMG/1262.jpg,105765,0.13828070958433333
1262,1262,data/IMG/1263.jpg,105840,0.18531133731200009
1263,1263,data/IMG/1264.jpg,105915,0.20701695481933333
1264,1264,data/IMG/1265.jpg,105975,0.22329349319133326
1265,1265,data/IMG/1266.jpg,106050,0.2449937562146667
1266,1266,data/IMG/1267.jpg,106110,0.2612756590046667
1267,1267,data/IMG/1268.jpg,106185,0.2775521874426667
1268,1268,data/IMG/1269.jpg,106245,0.2911248952155
1269,1269,data/IMG/1270.jpg,106320,0.3046815395356666
1270,1270,data/IMG/1271.jpg,106380,0.3209634323913333
1271,1271,data/IMG/1272.jpg,106455,0.33723997076366663
1272,1272,data/IMG/1273.jpg,106530,0.3499078253903333
1273,1273,data/IMG/1274.jpg,106605,0.3553315599756666
1274,1274,data/IMG/1275.jpg,106680,0.36979840199133335
1275,1275,data/IMG/1276.jpg,106740,0.391498665015
1276,1276,data/IMG/1277.jpg,106815,0.41682367523533337
1277,1277,data/IMG/1278.jpg,106890,0.44033898909900004
1278,1278,data/IMG/1279.jpg,106965,0.445757359266
1279,1279,data/IMG/1280.jpg,107025,0.4475670556226667
1280,1280,data/IMG/1281.jpg,107085,0.4493767519793333
1281,1281,data/IMG/1282.jpg,107160,0.4493767519793333
1282,1282,data/IMG/1283.jpg,107220,0.3824555476506668
1283,1283,data/IMG/1284.jpg,107280,0.3046815395353333
1284,1284,data/IMG/1285.jpg,107340,0.14009039724863334
1285,1285,data/IMG/1286.jpg,107400,0.0
1286,1286,data/IMG/1287.jpg,107460,0.0
1287,1287,data/IMG/1288.jpg,107535,0.0
1288,1288,data/IMG/1289.jpg,107595,0.0
1289,1289,data/IMG/1290.jpg,107655,0.0
1290,1290,data/IMG/1291.jpg,107730,0.0
1291,1291,data/IMG/1292.jpg,107790,0.0
1292,1292,data/IMG/1293.jpg,107850,0.0
1293,1293,data/IMG/1294.jpg,107910,0.0
1294,1294,data/IMG/1295.jpg,107985,0.0
1295,1295,data/IMG/1296.jpg,108045,0.007781148888170002
1296,1296,data/IMG/1297.jpg,108120,0.0333773444096
1297,1297,data/IMG/1298.jpg,108180,0.049659237265599995
1298,1298,data/IMG/1299.jpg,108255,0.06322390958669999
1299,1299,data/IMG/1300.jpg,108315,0.06593577315413332
1300,1300,data/IMG/1301.jpg,108390,0.07859827826416667
1301,1301,data/IMG/1302.jpg,108465,0.09306512524683334
1302,1302,data/IMG/1303.jpg,108525,0.109347015619
1303,1303,data/IMG/1304.jpg,108585,0.118384776016
1304,1304,data/IMG/1305.jpg,108645,0.13104728360966664
1305,1305,data/IMG/1306.jpg,108720,0.14732917646566668
1306,1306,data/IMG/1307.jpg,108780,0.16360571483766664
1307,1307,data/IMG/1308.jpg,108840,0.17988225320966664
1308,1308,data/IMG/1309.jpg,108915,0.19616414109866667
1309,1309,data/IMG/1310.jpg,108975,0.209728822112
1310,1310,data/IMG/1311.jpg,109035,0.22510318954766664
1311,1311,data/IMG/1312.jpg,109095,0.2449937562146667
1312,1312,data/IMG/1313.jpg,109170,0.26850908001266666
1313,1313,data/IMG/1314.jpg,109230,0.28841035564766665
1314,1314,data/IMG/1315.jpg,109290,0.30287184317933336
1315,1315,data/IMG/1316.jpg,109365,0.221483796835
1316,1316,data/IMG/1317.jpg,109425,0.10753196726223334
1317,1317,data/IMG/1318.jpg,109500,0.09848885238169998
1318,1318,data/IMG/1319.jpg,109560,0.018362772961466663
1319,1319,data/IMG/1320.jpg,109635,0.0
1320,1320,data/IMG/1321.jpg,109695,0.0
1321,1321,data/IMG/1322.jpg,109770,0.0
1322,1322,data/IMG/1323.jpg,109845,0.0
1323,1323,data/IMG/1324.jpg,109920,0.0
1324,1324,data/IMG/1325.jpg,109980,0.0
1325,1325,data/IMG/1326.jpg,110055,0.0
1326,1326,data/IMG/1327.jpg,110130,0.0
1327,1327,data/IMG/1328.jpg,110190,0.0
1328,1328,data/IMG/1329.jpg,110265,0.0
1329,1329,data/IMG/1330.jpg,110325,0.0
1330,1330,data/IMG/1331.jpg,110400,0.0038905745993
1331,1331,data/IMG/1332.jpg,110475,0.031567650536666665
1332,1332,data/IMG/1333.jpg,110535,0.051468931138533326
1333,1333,data/IMG/1334.jpg,110595,0.07497889051833333
1334,1334,data/IMG/1335.jpg,110655,0.08402736485003333
1335,1335,data/IMG/1336.jpg,110715,0.08583705872296668
1336,1336,data/IMG/1337.jpg,110775,0.08402736485003333
1337,1337,data/IMG/1338.jpg,110850,0.08583705872296668
1338,1338,data/IMG/1339.jpg,110910,0.08583705872296668
1339,1339,data/IMG/1340.jpg,110985,0.0876467525959
1340,1340,data/IMG/1341.jpg,111045,0.0876467525959
1341,1341,data/IMG/1342.jpg,111120,0.0876467525959
1342,1342,data/IMG/1343.jpg,111195,0.0876467525959
1343,1343,data/IMG/1344.jpg,111270,0.0876467525959
1344,1344,data/IMG/1345.jpg,111345,0.0876467525959
1345,1345,data/IMG/1346.jpg,111420,0.0876467525959
1346,1346,data/IMG/1347.jpg,111480,0.0876467525959
1347,1347,data/IMG/1348.jpg,111540,0.0876467525959
1348,1348,data/IMG/1349.jpg,111615,0.0876467525959
1349,1349,data/IMG/1350.jpg,111675,0.0876467525959
1350,1350,data/IMG/1351.jpg,111750,0.0876467525959
1351,1351,data/IMG/1352.jpg,111810,0.0876467525959
1352,1352,data/IMG/1353.jpg,111870,0.0876467525959
1353,1353,data/IMG/1354.jpg,111930,0.07136485973993334
1354,1354,data/IMG/1355.jpg,111990,0.0
1355,1355,data/IMG/1356.jpg,112065,0.0
1356,1356,data/IMG/1357.jpg,112125,0.0
1357,1357,data/IMG/1358.jpg,112185,0.0
1358,1358,data/IMG/1359.jpg,112260,0.0
1359,1359,data/IMG/1360.jpg,112320,0.0
1360,1360,data/IMG/1361.jpg,112395,0.0
1361,1361,data/IMG/1362.jpg,112470,0.0
1362,1362,data/IMG/1363.jpg,112545,0.0
1363,1363,data/IMG/1364.jpg,112620,0.0
1364,1364,data/IMG/1365.jpg,112680,0.0
1365,1365,data/IMG/1366.jpg,112755,0.0
1366,1366,data/IMG/1367.jpg,112830,0.0
1367,1367,data/IMG/1368.jpg,112905,0.0
1368,1368,data/IMG/1369.jpg,112965,0.0
1369,1369,data/IMG/1370.jpg,113040,0.0
1370,1370,data/IMG/1371.jpg,113115,0.00027654052246366665
1371,1371,data/IMG/1372.jpg,113175,0.0143862646073
1372,1372,data/IMG/1373.jpg,113250,0.027953616032966658
1373,1373,data/IMG/1374.jpg,113310,0.04423015564680001
1374,1374,data/IMG/1375.jpg,113370,0.060512046019266665
1375,1375,data/IMG/1376.jpg,113445,0.0785982782642
1376,1376,data/IMG/1377.jpg,113505,0.09848885238153332
1377,1377,data/IMG/1378.jpg,113565,0.111156709492
1378,1378,data/IMG/1379.jpg,113640,0.111156709492
1379,1379,data/IMG/1380.jpg,113700,0.12019447237233336
1380,1380,data/IMG/1381.jpg,113775,0.17446387807533334
1381,1381,data/IMG/1382.jpg,113835,0.23414362967
1382,1382,data/IMG/1383.jpg,113910,0.270318766435
1383,1383,data/IMG/1384.jpg,113970,0.2811715801556667
1384,1384,data/IMG/1385.jpg,114030,0.24137972295266666
1385,1385,data/IMG/1386.jpg,114105,0.2305322686833333
1386,1386,data/IMG/1387.jpg,114165,0.13828070710106666
1387,1387,data/IMG/1388.jpg,114240,0.0
1388,1388,data/IMG/1389.jpg,114300,0.0
1389,1389,data/IMG/1390.jpg,114375,0.0
1390,1390,data/IMG/1391.jpg,114435,0.0
1391,1391,data/IMG/1392.jpg,114510,0.0
1392,1392,data/IMG/1393.jpg,114570,0.0
1393,1393,data/IMG/1394.jpg,114630,0.0
1394,1394,data/IMG/1395.jpg,114705,0.0
1395,1395,data/IMG/1396.jpg,114765,0.0
1396,1396,data/IMG/1397.jpg,114840,0.0
1397,1397,data/IMG/1398.jpg,114900,0.0
1398,1398,data/IMG/1399.jpg,114975,0.0
1399,1399,data/IMG/1400.jpg,115035,0.0
1400,1400,data/IMG/1401.jpg,115110,0.0
1401,1401,data/IMG/1402.jpg,115170,0.0
1402,1402,data/IMG/1403.jpg,115245,0.0
1403,1403,data/IMG/1404.jpg,115320,0.0
1404,1404,data/IMG/1405.jpg,115395,0.0
1405,1405,data/IMG/1406.jpg,115470,0.0
1406,1406,data/IMG/1407.jpg,115545,0.0
1407,1407,data/IMG/1408.jpg,115605,0.0
1408,1408,data/IMG/1409.jpg,115680,0.0
1409,1409,data/IMG/1410.jpg,115755,0.0
1410,1410,data/IMG/1411.jpg,115815,0.002357420938400333
1411,1411,data/IMG/1412.jpg,115875,0.015291111543766668
1412,1412,data/IMG/1413.jpg,115950,0.0198153471574
1413,1413,data/IMG/1414.jpg,116025,0.0333773444096
1414,1414,data/IMG/1415.jpg,116085,0.038801074028
1415,1415,data/IMG/1416.jpg,116160,0.038801074028
1416,1416,data/IMG/1417.jpg,116220,0.038801074028
1417,1417,data/IMG/1418.jpg,116295,0.038801074028
1418,1418,data/IMG/1419.jpg,116355,0.038801074028
1419,1419,data/IMG/1420.jpg,116430,0.0
1420,1420,data/IMG/1421.jpg,116490,0.0
1421,1421,data/IMG/1422.jpg,116565,0.0
1422,1422,data/IMG/1423.jpg,116625,0.0
1423,1423,data/IMG/1424.jpg,116700,0.0
1424,1424,data/IMG/1425.jpg,116775,0.0
1425,1425,data/IMG/1426.jpg,116850,0.0
1426,1426,data/IMG/1427.jpg,116925,0.0
1427,1427,data/IMG/1428.jpg,116985,0.0
1428,1428,data/IMG/1429.jpg,117060,0.0
1429,1429,data/IMG/1430.jpg,117135,0.0
1430,1430,data/IMG/1431.jpg,117195,0.0
1431,1431,data/IMG/1432.jpg,117285,0.0
1432,1432,data/IMG/1433.jpg,117360,0.0
1433,1433,data/IMG/1434.jpg,117420,0.0
1434,1434,data/IMG/1435.jpg,117495,0.0
1435,1435,data/IMG/1436.jpg,117555,0.0
1436,1436,data/IMG/1437.jpg,117630,0.0
1437,1437,data/IMG/1438.jpg,117690,0.0
1438,1438,data/IMG/1439.jpg,117765,0.0
1439,1439,data/IMG/1440.jpg,117825,0.0
1440,1440,data/IMG/1441.jpg,117900,0.0
1441,1441,data/IMG/1442.jpg,117960,0.0
1442,1442,data/IMG/1443.jpg,118020,0.0
1443,1443,data/IMG/1444.jpg,118080,0.0
1444,1444,data/IMG/1445.jpg,118155,0.0
1445,1445,data/IMG/1446.jpg,118215,0.0
1446,1446,data/IMG/1447.jpg,118290,0.0
1447,1447,data/IMG/1448.jpg,118365,0.0
1448,1448,data/IMG/1449.jpg,118440,0.0
1449,1449,data/IMG/1450.jpg,118515,0.0
1450,1450,data/IMG/1451.jpg,118575,0.0
1451,1451,data/IMG/1452.jpg,118650,0.0
1452,1452,data/IMG/1453.jpg,118725,0.0
1453,1453,data/IMG/1454.jpg,118785,0.0
1454,1454,data/IMG/1455.jpg,118860,0.0
1455,1455,data/IMG/1456.jpg,118920,0.0
1456,1456,data/IMG/1457.jpg,118995,0.0
1457,1457,data/IMG/1458.jpg,119055,0.0
1458,1458,data/IMG/1459.jpg,119130,0.0
1459,1459,data/IMG/1460.jpg,119190,0.0
1460,1460,data/IMG/1461.jpg,119250,0.0
1461,1461,data/IMG/1462.jpg,119325,0.0
1462,1462,data/IMG/1463.jpg,119385,0.0
1463,1463,data/IMG/1464.jpg,119460,0.0
1464,1464,data/IMG/1465.jpg,119520,0.011677078087797
1465,1465,data/IMG/1466.jpg,119595,0.04423015440503333
1466,1466,data/IMG/1467.jpg,119655,0.07678858439126666
1467,1467,data/IMG/1468.jpg,119730,0.09306512524683334
1468,1468,data/IMG/1469.jpg,119790,0.109347015619
1469,1469,data/IMG/1470.jpg,119850,0.12561819950733333
1470,1470,data/IMG/1471.jpg,119925,0.14190544684733333
1471,1471,data/IMG/1472.jpg,120000,0.15817663570233334
1472,1472,data/IMG/1473.jpg,120060,0.17445852359133332
1473,1473,data/IMG/1474.jpg,120135,0.1907350619633333
1474,1474,data/IMG/1475.jpg,120195,0.2043077647685
1475,1475,data/IMG/1476.jpg,120270,0.22509783506366668
1476,1476,data/IMG/1477.jpg,120330,0.2685090700783333
1477,1477,data/IMG/1478.jpg,120405,0.301067511241
1478,1478,data/IMG/1479.jpg,120465,0.3209634323913333
1479,1479,data/IMG/1480.jpg,120525,0.32277311881366666
1480,1480,data/IMG/1481.jpg,120585,0.3227731188136667
1481,1481,data/IMG/1482.jpg,120660,0.32457746068633336
1482,1482,data/IMG/1483.jpg,120720,0.3227731188136667
1483,1483,data/IMG/1484.jpg,120795,0.3083009322483333
1484,1484,data/IMG/1485.jpg,120855,0.2911248952155
1485,1485,data/IMG/1486.jpg,120930,0.26850908001266666
1486,1486,data/IMG/1487.jpg,121005,0.2395700315633333
1487,1487,data/IMG/1488.jpg,121080,0.22329349319133326
1488,1488,data/IMG/1489.jpg,121140,0.20520726343000004
1489,1489,data/IMG/1490.jpg,121215,0.18892536560666665
1490,1490,data/IMG/1491.jpg,121275,0.07678858811639999
1491,1491,data/IMG/1492.jpg,121350,0.0
1492,1492,data/IMG/1493.jpg,121410,0.0
1493,1493,data/IMG/1494.jpg,121470,0.0
1494,1494,data/IMG/1495.jpg,121545,0.0
1495,1495,data/IMG/1496.jpg,121605,0.0
1496,1496,data/IMG/1497.jpg,121665,0.0
1497,1497,data/IMG/1498.jpg,121740,0.0
1498,1498,data/IMG/1499.jpg,121815,0.0
1499,1499,data/IMG/1500.jpg,121875,0.0
1500,1500,data/IMG/1501.jpg,121935,0.0
1501,1501,data/IMG/1502.jpg,122010,0.0
1502,1502,data/IMG/1503.jpg,122070,0.0
1503,1503,data/IMG/1504.jpg,122130,0.0
1504,1504,data/IMG/1505.jpg,122190,0.018910500220936655
1505,1505,data/IMG/1506.jpg,122265,0.03608653135595
1506,1506,data/IMG/1507.jpg,122325,0.04603984951973333
1507,1507,data/IMG/1508.jpg,122385,0.0550883188844
1508,1508,data/IMG/1509.jpg,122460,0.0623217398922
1509,1509,data/IMG/1510.jpg,122520,0.07678858439126666
1510,1510,data/IMG/1511.jpg,122595,0.09306512524683334
1511,1511,data/IMG/1512.jpg,122655,0.109347015619
1512,1512,data/IMG/1513.jpg,122730,0.12561819950733333
1513,1513,data/IMG/1514.jpg,122790,0.14190544684733333
1514,1514,data/IMG/1515.jpg,122850,0.15817663570233334
1515,1515,data/IMG/1516.jpg,122925,0.17174933850750002
1516,1516,data/IMG/1517.jpg,122985,0.185305977861
1517,1517,data/IMG/1518.jpg,123060,0.19435444970933333
1518,1518,data/IMG/1519.jpg,123135,0.19254475335266666
1519,1519,data/IMG/1520.jpg,123195,0.19435444970933333
1520,1520,data/IMG/1521.jpg,123270,0.201593220234
1521,1521,data/IMG/1522.jpg,123330,0.201593220234
1522,1522,data/IMG/1523.jpg,123405,0.1835069904726667
1523,1523,data/IMG/1524.jpg,123465,0.0822176684935
1524,1524,data/IMG/1525.jpg,123540,0.04423015564680001
1525,1525,data/IMG/1526.jpg,123615,0.00583586189895
1526,1526,data/IMG/1527.jpg,123675,0.0
1527,1527,data/IMG/1528.jpg,123750,0.0
1528,1528,data/IMG/1529.jpg,123810,0.0
1529,1529,data/IMG/1530.jpg,123870,0.0
1530,1530,data/IMG/1531.jpg,123930,0.0
1531,1531,data/IMG/1532.jpg,123990,0.0
1532,1532,data/IMG/1533.jpg,124065,0.006247995537700334
1533,1533,data/IMG/1534.jpg,124125,0.02252988827723333
1534,1534,data/IMG/1535.jpg,124185,0.03880107278623333
1535,1535,data/IMG/1536.jpg,124260,0.0550883188844
1536,1536,data/IMG/1537.jpg,124320,0.06864495947959999
1537,1537,data/IMG/1538.jpg,124380,0.08221766849356668
1538,1538,data/IMG/1539.jpg,124440,0.10391793400023333
1539,1539,data/IMG/1540.jpg,124500,0.12019447237233336
1540,1540,data/IMG/1541.jpg,124560,0.12561819950733333
1541,1541,data/IMG/1542.jpg,124635,0.14190544684733333
1542,1542,data/IMG/1543.jpg,124695,0.15817663570233334
1543,1543,data/IMG/1544.jpg,124770,0.17445852359133332
1544,1544,data/IMG/1545.jpg,124830,0.19616414109866667
1545,1545,data/IMG/1546.jpg,124905,0.21244068443766664
1546,1546,data/IMG/1547.jpg,124965,0.2260080352425
1547,1547,data/IMG/1548.jpg,125025,0.228722572327
1548,1548,data/IMG/1549.jpg,125100,0.2232934931916667
1549,1549,data/IMG/1550.jpg,125160,0.14732382198166669
1550,1550,data/IMG/1551.jpg,125220,0.06593041991193334
1551,1551,data/IMG/1552.jpg,125280,0.00027654052246366665
1552,1552,data/IMG/1553.jpg,125355,0.0
1553,1553,data/IMG/1554.jpg,125415,0.0
1554,1554,data/IMG/1555.jpg,125490,0.0
1555,1555,data/IMG/1556.jpg,125550,0.0
1556,1556,data/IMG/1557.jpg,125625,0.0
1557,1557,data/IMG/1558.jpg,125685,0.0
1558,1558,data/IMG/1559.jpg,125760,0.0
1559,1559,data/IMG/1560.jpg,125820,0.02795361665386667
1560,1560,data/IMG/1561.jpg,125895,0.0695551633835
1561,1561,data/IMG/1562.jpg,125970,0.09306512524683334
1562,1562,data/IMG/1563.jpg,126030,0.109347015619
1563,1563,data/IMG/1564.jpg,126105,0.118384776016
1564,1564,data/IMG/1565.jpg,126165,0.12380850811766668
1565,1565,data/IMG/1566.jpg,126240,0.136476362745
1566,1566,data/IMG/1567.jpg,126300,0.14733453095
1567,1567,data/IMG/1568.jpg,126375,0.14733453095
1568,1568,data/IMG/1569.jpg,126435,0.14913887282233335
1569,1569,data/IMG/1570.jpg,126510,0.14913887282233335
1570,1570,data/IMG/1571.jpg,126570,0.14733453095
1571,1571,data/IMG/1572.jpg,126630,0.14733453095
1572,1572,data/IMG/1573.jpg,126690,0.12924294173733333
1573,1573,data/IMG/1574.jpg,126765,0.09306512524683334
1574,1574,data/IMG/1575.jpg,126825,0.047849541530000005
1575,1575,data/IMG/1576.jpg,126885,0.00027654052246366665
1576,1576,data/IMG/1577.jpg,126945,0.0
1577,1577,data/IMG/1578.jpg,127020,0.0
1578,1578,data/IMG/1579.jpg,127080,0.0
1579,1579,data/IMG/1580.jpg,127140,0.0
1580,1580,data/IMG/1581.jpg,127200,0.0
1581,1581,data/IMG/1582.jpg,127275,0.0
1582,1582,data/IMG/1583.jpg,127335,0.0
1583,1583,data/IMG/1584.jpg,127395,0.0
1584,1584,data/IMG/1585.jpg,127470,0.0
1585,1585,data/IMG/1586.jpg,127530,0.0
1586,1586,data/IMG/1587.jpg,127605,0.0
1587,1587,data/IMG/1588.jpg,127665,0.0
1588,1588,data/IMG/1589.jpg,127740,0.0
1589,1589,data/IMG/1590.jpg,127800,0.0
1590,1590,data/IMG/1591.jpg,127860,0.0
1591,1591,data/IMG/1592.jpg,127935,0.0
1592,1592,data/IMG/1593.jpg,127995,0.0
1593,1593,data/IMG/1594.jpg,128055,0.0
1594,1594,data/IMG/1595.jpg,128115,0.0
1595,1595,data/IMG/1596.jpg,128175,0.0
1596,1596,data/IMG/1597.jpg,128235,0.0
1597,1597,data/IMG/1598.jpg,128295,0.0
1598,1598,data/IMG/1599.jpg,128370,0.0
1599,1599,data/IMG/1600.jpg,128430,0.0
1600,1600,data/IMG/1601.jpg,128490,0.0
1601,1601,data/IMG/1602.jpg,128550,0.0
1602,1602,data/IMG/1603.jpg,128610,0.0
1603,1603,data/IMG/1604.jpg,128670,0.0
1604,1604,data/IMG/1605.jpg,128730,0.0
1605,1605,data/IMG/1606.jpg,128805,0.0
1606,1606,data/IMG/1607.jpg,128865,0.0
1607,1607,data/IMG/1608.jpg,128940,0.0
1608,1608,data/IMG/1609.jpg,129000,0.0
1609,1609,data/IMG/1610.jpg,129060,0.00027654052246366665
1610,1610,data/IMG/1611.jpg,129135,0.015291111854203334
1611,1611,data/IMG/1612.jpg,129195,0.040610766659166665
1612,1612,data/IMG/1613.jpg,129255,0.08040262013673334
1613,1613,data/IMG/1614.jpg,129330,0.12743325034766664
1614,1614,data/IMG/1615.jpg,129390,0.17807255685333334
1615,1615,data/IMG/1616.jpg,129450,0.19435444970933333
1616,1616,data/IMG/1617.jpg,129510,0.19978352884466669
1617,1617,data/IMG/1618.jpg,129570,0.1979738374553333
1618,1618,data/IMG/1619.jpg,129630,0.19887868315
1619,1619,data/IMG/1620.jpg,129705,0.19978352884466669
1620,1620,data/IMG/1621.jpg,129765,0.18712102870133326
1621,1621,data/IMG/1622.jpg,129825,0.169034793973
1622,1622,data/IMG/1623.jpg,129885,0.169034793973
1623,1623,data/IMG/1624.jpg,129960,0.169034793973
1624,1624,data/IMG/1625.jpg,130035,0.16722510258366666
1625,1625,data/IMG/1626.jpg,130095,0.14732917646566668
1626,1626,data/IMG/1627.jpg,130155,0.11477074523733333
1627,1627,data/IMG/1628.jpg,130230,0.08221231400966666
1628,1628,data/IMG/1629.jpg,130290,0.06322390958669999
1629,1629,data/IMG/1630.jpg,130350,0.05327862501146666
1630,1630,data/IMG/1631.jpg,130425,0.015014571758603332
1631,1631,data/IMG/1632.jpg,130485,0.0
1632,1632,data/IMG/1633.jpg,130560,0.0
1633,1633,data/IMG/1634.jpg,130620,0.0
1634,1634,data/IMG/1635.jpg,130680,0.0
1635,1635,data/IMG/1636.jpg,130755,0.0
1636,1636,data/IMG/1637.jpg,130830,0.0
1637,1637,data/IMG/1638.jpg,130890,0.0
1638,1638,data/IMG/1639.jpg,130965,0.0
1639,1639,data/IMG/1640.jpg,131025,0.0
1640,1640,data/IMG/1641.jpg,131085,0.0
1641,1641,data/IMG/1642.jpg,131160,0.0
1642,1642,data/IMG/1643.jpg,131235,0.0
1643,1643,data/IMG/1644.jpg,131310,0.0
1644,1644,data/IMG/1645.jpg,131385,0.0
1645,1645,data/IMG/1646.jpg,131460,0.0
1646,1646,data/IMG/1647.jpg,131535,0.0
1647,1647,data/IMG/1648.jpg,131610,0.0
1648,1648,data/IMG/1649.jpg,131685,0.0
1649,1649,data/IMG/1650.jpg,131745,0.0
1650,1650,data/IMG/1651.jpg,131820,0.0
1651,1651,data/IMG/1652.jpg,131880,0.0
1652,1652,data/IMG/1653.jpg,131955,0.0
1653,1653,data/IMG/1654.jpg,132030,0.0
1654,1654,data/IMG/1655.jpg,132090,0.0
1655,1655,data/IMG/1656.jpg,132165,0.0
1656,1656,data/IMG/1657.jpg,132225,0.009867383593997
1657,1657,data/IMG/1658.jpg,132300,0.031567650536666665
1658,1658,data/IMG/1659.jpg,132375,0.0568926582734
1659,1659,data/IMG/1660.jpg,132450,0.07407404109835
1660,1660,data/IMG/1661.jpg,132510,0.08764139811196668
1661,1661,data/IMG/1662.jpg,132585,0.09667915850876667
1662,1662,data/IMG/1663.jpg,132645,0.09486946463583333
1663,1663,data/IMG/1664.jpg,132705,0.10029854625446666
1664,1664,data/IMG/1665.jpg,132765,0.10210824012723334
1665,1665,data/IMG/1666.jpg,132840,0.105727627873
1666,1666,data/IMG/1667.jpg,132900,0.103917934
1667,1667,data/IMG/1668.jpg,132960,0.105727627873
1668,1668,data/IMG/1669.jpg,133020,0.105727627873
1669,1669,data/IMG/1670.jpg,133095,0.09668451299236668
1670,1670,data/IMG/1671.jpg,133155,0.01397948525845
1671,1671,data/IMG/1672.jpg,133230,0.0
1672,1672,data/IMG/1673.jpg,133290,0.0
1673,1673,data/IMG/1674.jpg,133350,0.0
1674,1674,data/IMG/1675.jpg,133410,0.0
1675,1675,data/IMG/1676.jpg,133485,0.0
1676,1676,data/IMG/1677.jpg,133545,0.0
1677,1677,data/IMG/1678.jpg,133605,0.0
1678,1678,data/IMG/1679.jpg,133680,0.0
1679,1679,data/IMG/1680.jpg,133740,0.0
1680,1680,data/IMG/1681.jpg,133815,0.0
1681,1681,data/IMG/1682.jpg,133875,0.0
1682,1682,data/IMG/1683.jpg,133935,0.0
1683,1683,data/IMG/1684.jpg,134010,0.0
1684,1684,data/IMG/1685.jpg,134085,0.005700268472233335
1685,1685,data/IMG/1686.jpg,134145,0.051463575412833334
1686,1686,data/IMG/1687.jpg,134220,0.09487481911966666
1687,1687,data/IMG/1688.jpg,134295,0.12019447237233336
1688,1688,data/IMG/1689.jpg,134355,0.12561819950733333
1689,1689,data/IMG/1690.jpg,134430,0.12742789586366665
1690,1690,data/IMG/1691.jpg,134490,0.1283327415585
1691,1691,data/IMG/1692.jpg,134565,0.131047278643
1692,1692,data/IMG/1693.jpg,134625,0.12742789586366665
1693,1693,data/IMG/1694.jpg,134685,0.12923758725333334
1694,1694,data/IMG/1695.jpg,134760,0.12742789586366665
1695,1695,data/IMG/1696.jpg,134820,0.12923758725333334
1696,1696,data/IMG/1697.jpg,134895,0.12923758725333334
1697,1697,data/IMG/1698.jpg,134955,0.12742789586366665
1698,1698,data/IMG/1699.jpg,135015,0.131047278643
1699,1699,data/IMG/1700.jpg,135075,0.12742789586366665
1700,1700,data/IMG/1701.jpg,135150,0.12923758725333334
1701,1701,data/IMG/1702.jpg,135210,0.1283327415585
1702,1702,data/IMG/1703.jpg,135285,0.12742789586366665
1703,1703,data/IMG/1704.jpg,135345,0.12923758725333334
1704,1704,data/IMG/1705.jpg,135405,0.12742789586366665
1705,1705,data/IMG/1706.jpg,135480,0.12923758725333334
1706,1706,data/IMG/1707.jpg,135555,0.12742789586366665
1707,1707,data/IMG/1708.jpg,135615,0.12923758725333334
1708,1708,data/IMG/1709.jpg,135690,0.12742789586366665
1709,1709,data/IMG/1710.jpg,135765,0.12923758725333334
1710,1710,data/IMG/1711.jpg,135825,0.12742789586366665
1711,1711,data/IMG/1712.jpg,135900,0.1283327415585
1712,1712,data/IMG/1713.jpg,135960,0.136476362745
1713,1713,data/IMG/1714.jpg,136020,0.15637229382999998
1714,1714,data/IMG/1715.jpg,136080,0.18712102870133326
1715,1715,data/IMG/1716.jpg,136155,0.214250380794
1716,1716,data/IMG/1717.jpg,136215,0.250422840317
1717,1717,data/IMG/1718.jpg,136275,0.2721231083073333
1718,1718,data/IMG/1719.jpg,136335,0.28841035564766665
1719,1719,data/IMG/1720.jpg,136410,0.3046815395356666
1720,1720,data/IMG/1721.jpg,136470,0.3064912358923333
1721,1721,data/IMG/1722.jpg,136545,0.3073960840705
1722,1722,data/IMG/1723.jpg,136605,0.3083009322486667
1723,1723,data/IMG/1724.jpg,136680,0.3064912358923333
1724,1724,data/IMG/1725.jpg,136740,0.3083009322486667
1725,1725,data/IMG/1726.jpg,136815,0.310110628605
1726,1726,data/IMG/1727.jpg,136890,0.2992578148843333
1727,1727,data/IMG/1728.jpg,136965,0.15817663570233334
1728,1728,data/IMG/1729.jpg,137025,0.08945109198490002
1729,1729,data/IMG/1730.jpg,137100,0.07135950028896666
1730,1730,data/IMG/1731.jpg,137160,0.04785489663483333
1731,1731,data/IMG/1732.jpg,137235,0.0004148107836955
1732,1732,data/IMG/1733.jpg,137295,0.0
1733,1733,data/IMG/1734.jpg,137355,0.0
1734,1734,data/IMG/1735.jpg,137430,0.0
1735,1735,data/IMG/1736.jpg,137490,0.0
1736,1736,data/IMG/1737.jpg,137550,0.0
1737,1737,data/IMG/1738.jpg,137610,0.0
1738,1738,data/IMG/1739.jpg,137685,-0.022508471738576664
1739,1739,data/IMG/1740.jpg,137745,-0.04963781932986666
1740,1740,data/IMG/1741.jpg,137805,-0.09485875566816666
1741,1741,data/IMG/1742.jpg,137865,-0.13826464364933333
1742,1742,data/IMG/1743.jpg,137940,-0.17715432494849995
1743,1743,data/IMG/1744.jpg,138000,-0.20157716671633333
1744,1744,data/IMG/1745.jpg,138060,-0.2178483506043333
1745,1745,data/IMG/1746.jpg,138135,-0.23955396811166665
1746,1746,data/IMG/1747.jpg,138210,-0.2449830472466667
1747,1747,data/IMG/1748.jpg,138285,-0.041867380341
1748,1748,data/IMG/1749.jpg,138345,0.0
1749,1749,data/IMG/1750.jpg,138420,0.0
1750,1750,data/IMG/1751.jpg,138480,0.0
1751,1751,data/IMG/1752.jpg,138555,0.0
1752,1752,data/IMG/1753.jpg,138630,0.0
1753,1753,data/IMG/1754.jpg,138690,0.0
1754,1754,data/IMG/1755.jpg,138765,0.0
1755,1755,data/IMG/1756.jpg,138825,0.0
1756,1756,data/IMG/1757.jpg,138885,0.0
1757,1757,data/IMG/1758.jpg,138945,-0.015009217138856331
1758,1758,data/IMG/1759.jpg,139020,-0.08039191365239999
1759,1759,data/IMG/1760.jpg,139095,-0.10752125829463333
1760,1760,data/IMG/1761.jpg,139155,-0.12198275327700002
1761,1761,data/IMG/1762.jpg,139215,-0.10028783728679999
1762,1762,data/IMG/1763.jpg,139290,-0.01708474336195
1763,1763,data/IMG/1764.jpg,139365,-0.0002711864071896667
1764,1764,data/IMG/1765.jpg,139440,0.0
1765,1765,data/IMG/1766.jpg,139500,0.0
1766,1766,data/IMG/1767.jpg,139575,0.0
1767,1767,data/IMG/1768.jpg,139650,0.0
1768,1768,data/IMG/1769.jpg,139725,0.0
1769,1769,data/IMG/1770.jpg,139785,0.0
1770,1770,data/IMG/1771.jpg,139845,0.0
1771,1771,data/IMG/1772.jpg,139920,0.0
1772,1772,data/IMG/1773.jpg,139980,0.0
1773,1773,data/IMG/1774.jpg,140055,0.0
1774,1774,data/IMG/1775.jpg,140115,0.0
1775,1775,data/IMG/1776.jpg,140175,0.0
1776,1776,data/IMG/1777.jpg,140250,0.0
1777,1777,data/IMG/1778.jpg,140310,0.0
1778,1778,data/IMG/1779.jpg,140370,0.0
1779,1779,data/IMG/1780.jpg,140430,0.0
1780,1780,data/IMG/1781.jpg,140490,0.0
1781,1781,data/IMG/1782.jpg,140565,0.00027654052246366665
1782,1782,data/IMG/1783.jpg,140625,0.01167172348747
1783,1783,data/IMG/1784.jpg,140685,0.0252444297075
1784,1784,data/IMG/1785.jpg,140745,0.03880107278623333
1785,1785,data/IMG/1786.jpg,140805,0.0550883188844
1786,1786,data/IMG/1787.jpg,140880,0.07135950028896666
1787,1787,data/IMG/1788.jpg,140940,0.08764139811196668
1788,1788,data/IMG/1789.jpg,141000,0.109347015619
1789,1789,data/IMG/1790.jpg,141060,0.118384776016
1790,1790,data/IMG/1791.jpg,141135,0.12742789586366665
1791,1791,data/IMG/1792.jpg,141195,0.14190544684733333
1792,1792,data/IMG/1793.jpg,141270,0.15817663570233334
1793,1793,data/IMG/1794.jpg,141330,0.17174933850750002
1794,1794,data/IMG/1795.jpg,141390,0.185305977861
1795,1795,data/IMG/1796.jpg,141465,0.201593225201
1796,1796,data/IMG/1797.jpg,141525,0.22871722281
1797,1797,data/IMG/1798.jpg,141585,0.2648896872993333
1798,1798,data/IMG/1799.jpg,141645,0.2829812765123333
1799,1799,data/IMG/1800.jpg,141705,0.2269128859043333
1800,1800,data/IMG/1801.jpg,141765,0.03491585267086667
1801,1801,data/IMG/1802.jpg,141840,0.0
1802,1802,data/IMG/1803.jpg,141900,0.0
1803,1803,data/IMG/1804.jpg,141960,0.0
1804,1804,data/IMG/1805.jpg,142020,0.0
1805,1805,data/IMG/1806.jpg,142095,0.0
1806,1806,data/IMG/1807.jpg,142155,0.0
1807,1807,data/IMG/1808.jpg,142230,0.0
1808,1808,data/IMG/1809.jpg,142290,0.0
1809,1809,data/IMG/1810.jpg,142365,0.0
1810,1810,data/IMG/1811.jpg,142425,0.0
1811,1811,data/IMG/1812.jpg,142500,0.0
1812,1812,data/IMG/1813.jpg,142560,0.0
1813,1813,data/IMG/1814.jpg,142635,0.0
1814,1814,data/IMG/1815.jpg,142695,0.008957182522855
1815,1815,data/IMG/1816.jpg,142770,0.02252988827723333
1816,1816,data/IMG/1817.jpg,142830,0.03880107278623333
1817,1817,data/IMG/1818.jpg,142905,0.0550883188844
1818,1818,data/IMG/1819.jpg,142965,0.07135950028896666
1819,1819,data/IMG/1820.jpg,143025,0.08764139811196668
1820,1820,data/IMG/1821.jpg,143100,0.09848885238153332
1821,1821,data/IMG/1822.jpg,143160,0.114770742754
1822,1822,data/IMG/1823.jpg,143220,0.1346666713553333
1823,1823,data/IMG/1824.jpg,143295,0.16541541119400002
1824,1824,data/IMG/1825.jpg,143355,0.188020519912
1825,1825,data/IMG/1826.jpg,143415,0.19978352884466669
1826,1826,data/IMG/1827.jpg,143475,0.20340291659033333
1827,1827,data/IMG/1828.jpg,143550,0.214250380794
1828,1828,data/IMG/1829.jpg,143610,0.2449937562146667
1829,1829,data/IMG/1830.jpg,143670,0.2648896872993333
1830,1830,data/IMG/1831.jpg,143730,0.27755218744300003
1831,1831,data/IMG/1832.jpg,143790,0.27574249108633336
1832,1832,data/IMG/1833.jpg,143865,0.2522271821893333
1833,1833,data/IMG/1834.jpg,143925,0.2287225772936667
1834,1834,data/IMG/1835.jpg,144000,0.20701695481933333
1835,1835,data/IMG/1836.jpg,144075,0.185314014554
1836,1836,data/IMG/1837.jpg,144135,0.10572762787336668
1837,1837,data/IMG/1838.jpg,144210,0.016824265631536668
1838,1838,data/IMG/1839.jpg,144285,0.0
1839,1839,data/IMG/1840.jpg,144345,0.0
1840,1840,data/IMG/1841.jpg,144405,0.0
1841,1841,data/IMG/1842.jpg,144465,0.0
1842,1842,data/IMG/1843.jpg,144525,0.0
1843,1843,data/IMG/1844.jpg,144600,0.0
1844,1844,data/IMG/1845.jpg,144660,0.0
1845,1845,data/IMG/1846.jpg,144720,0.0
1846,1846,data/IMG/1847.jpg,144780,0.0
1847,1847,data/IMG/1848.jpg,144840,0.0
1848,1848,data/IMG/1849.jpg,144900,0.0
1849,1849,data/IMG/1850.jpg,144960,0.0
1850,1850,data/IMG/1851.jpg,145035,0.0
1851,1851,data/IMG/1852.jpg,145095,0.0
1852,1852,data/IMG/1853.jpg,145155,0.0
1853,1853,data/IMG/1854.jpg,145215,0.0
1854,1854,data/IMG/1855.jpg,145290,0.0
1855,1855,data/IMG/1856.jpg,145350,0.0
1856,1856,data/IMG/1857.jpg,145425,0.0
1857,1857,data/IMG/1858.jpg,145485,0.0
1858,1858,data/IMG/1859.jpg,145545,0.0
1859,1859,data/IMG/1860.jpg,145620,0.0
1860,1860,data/IMG/1861.jpg,145680,0.0
1861,1861,data/IMG/1862.jpg,145755,0.0
1862,1862,data/IMG/1863.jpg,145815,0.0
1863,1863,data/IMG/1864.jpg,145890,0.0
1864,1864,data/IMG/1865.jpg,145950,0.0
1865,1865,data/IMG/1866.jpg,146025,0.0
1866,1866,data/IMG/1867.jpg,146085,0.0
1867,1867,data/IMG/1868.jpg,146145,0.0
1868,1868,data/IMG/1869.jpg,146205,0.0
1869,1869,data/IMG/1870.jpg,146280,0.00027654052246366665
1870,1870,data/IMG/1871.jpg,146340,0.01167172348747
1871,1871,data/IMG/1872.jpg,146400,0.027953616032966658
1872,1872,data/IMG/1873.jpg,146460,0.04423015564680001
1873,1873,data/IMG/1874.jpg,146520,0.07136485725643334
1874,1874,data/IMG/1875.jpg,146580,0.09849420686553334
1875,1875,data/IMG/1876.jpg,146655,0.12562355647466664
1876,1876,data/IMG/1877.jpg,146715,0.15275558084250002
1877,1877,data/IMG/1878.jpg,146790,0.16722510258366666
1878,1878,data/IMG/1879.jpg,146850,0.17265418668566668
1879,1879,data/IMG/1880.jpg,146925,0.1762682199476667
1880,1880,data/IMG/1881.jpg,146985,0.1762682199476667
1881,1881,data/IMG/1882.jpg,147060,0.17987689375899998
1882,1882,data/IMG/1883.jpg,147120,0.17987689375899998
1883,1883,data/IMG/1884.jpg,147180,0.17987689375899998
1884,1884,data/IMG/1885.jpg,147255,0.17987689375899998
1885,1885,data/IMG/1886.jpg,147315,0.17987689375899998
1886,1886,data/IMG/1887.jpg,147375,0.179876893759
1887,1887,data/IMG/1888.jpg,147450,0.1907350619633333
1888,1888,data/IMG/1889.jpg,147510,0.20701695481933333
1889,1889,data/IMG/1890.jpg,147585,0.212435334921
1890,1890,data/IMG/1891.jpg,147645,0.212435334921
1891,1891,data/IMG/1892.jpg,147705,0.2323366055886667
1892,1892,data/IMG/1893.jpg,147780,0.2992578148843333
1893,1893,data/IMG/1894.jpg,147840,0.3209634323913333
1894,1894,data/IMG/1895.jpg,147900,0.32457746068633336
1895,1895,data/IMG/1896.jpg,147960,0.3227731188136667
1896,1896,data/IMG/1897.jpg,148020,0.326381802559
1897,1897,data/IMG/1898.jpg,148095,0.326381802559
1898,1898,data/IMG/1899.jpg,148170,0.3227731188136667
1899,1899,data/IMG/1900.jpg,148230,0.32457746068633336
1900,1900,data/IMG/1901.jpg,148305,0.2721231132746667
1901,1901,data/IMG/1902.jpg,148365,0.20882665117566668
1902,1902,data/IMG/1903.jpg,148440,0.18712102870133326
1903,1903,data/IMG/1904.jpg,148500,0.114770742754
1904,1904,data/IMG/1905.jpg,148575,0.10029854625446666
1905,1905,data/IMG/1906.jpg,148635,0.10029854625446666
1906,1906,data/IMG/1907.jpg,148710,0.0421492755413
1907,1907,data/IMG/1908.jpg,148770,0.0
1908,1908,data/IMG/1909.jpg,148845,0.0
1909,1909,data/IMG/1910.jpg,148920,0.0
1910,1910,data/IMG/1911.jpg,148980,0.0
1911,1911,data/IMG/1912.jpg,149040,0.0
1912,1912,data/IMG/1913.jpg,149115,0.0
1913,1913,data/IMG/1914.jpg,149175,0.006247995537700334
1914,1914,data/IMG/1915.jpg,149235,0.02252988827723333
1915,1915,data/IMG/1916.jpg,149295,0.03880107278623333
1916,1916,data/IMG/1917.jpg,149355,0.0550883188844
1917,1917,data/IMG/1918.jpg,149415,0.07407404109835
1918,1918,data/IMG/1919.jpg,149475,0.08764139811196668
1919,1919,data/IMG/1920.jpg,149535,0.136476362745
1920,1920,data/IMG/1921.jpg,149610,0.19435444970933333
1921,1921,data/IMG/1922.jpg,149685,0.21244068443766664
1922,1922,data/IMG/1923.jpg,149745,0.223293498158
1923,1923,data/IMG/1924.jpg,149805,0.20882129669166669
1924,1924,data/IMG/1925.jpg,149865,0.13104728360956666
1925,1925,data/IMG/1926.jpg,149940,0.031296463062366664
1926,1926,data/IMG/1927.jpg,150015,0.0
1927,1927,data/IMG/1928.jpg,150075,0.0
1928,1928,data/IMG/1929.jpg,150150,0.0
1929,1929,data/IMG/1930.jpg,150225,0.0
1930,1930,data/IMG/1931.jpg,150285,0.0
1931,1931,data/IMG/1932.jpg,150360,0.0
1932,1932,data/IMG/1933.jpg,150420,0.0
1933,1933,data/IMG/1934.jpg,150480,0.0
