,steering
-0.0,0.0
1.0,0.0
2.0,0.0
3.0,0.0
4.0,0.0
5.0,0.0
6.0,0.0
7.0,0.0
8.0,0.0
9.0,0.0
10.0,0.0
11.0,0.0
12.0,0.0
13.0,0.0
14.0,0.0
15.0,0.0
16.0,0.0
17.0,0.0
18.0,0.0
19.0,0.0
20.0,0.0
21.0,0.0
22.0,0.0
23.0,0.0
24.0,0.0
25.0,0.0
26.0,0.00027654052246366665
27.0,0.011671723487469999
28.0,0.02795361603296666
29.0,0.044230155646799996
30.0,0.0578028596938
31.0,0.07135950028896666
32.0,0.10753732422963332
33.0,0.163605714838
34.0,0.19978352884433334
35.0,0.21786441405600002
36.0,0.2359559983016667
37.0,0.2648896872993333
38.0,0.28841035564766665
39.0,0.3046815395356666
40.0,0.30649123589233335
41.0,0.255843900144
42.0,0.24137436846866667
43.0,0.221483801802
44.0,0.19435444970899998
45.0,0.15999168157566668
46.0,0.05870235195213033
47.0,0.0
48.0,0.0
49.0,0.002080880415936667
50.0,0.03699673339723334
51.0,0.052373778075
52.0,0.044235508888966664
53.0,0.0
54.0,0.0912554326156
55.0,0.257661615809
56.0,0.31734404961266666
57.0,0.34628308812799996
58.0,0.3788415193556667
59.0,0.39692774415033333
60.0,0.424057106177
61.0,0.4457653909925
62.0,0.46204461654000006
63.0,0.4728920658426667
64.0,0.40416651964199996
65.0,0.30830093224866667
66.0,0.2648896872993333
67.0,0.05815462768066667
68.0,0.0
69.0,0.0
70.0,0.0
71.0,0.0
72.0,0.0
73.0,0.0
74.0,0.0
75.0,0.0
76.0,0.0
77.0,0.0
78.0,0.0
79.0,0.0
80.0,0.0
81.0,0.0
82.0,0.0
83.0,0.0
84.0,0.0
85.0,0.0
86.0,0.0
87.0,0.0
88.0,0.0
89.0,0.0
90.0,0.0
91.0,0.0
92.0,0.0
93.0,0.0
94.0,0.0
95.0,0.0
96.0,0.0
97.0,0.0
98.0,0.0
99.0,0.0
100.0,0.0
101.0,0.0
102.0,0.0
103.0,0.0
104.0,0.0
105.0,0.0
106.0,0.0
107.0,0.0
108.0,0.0
109.0,0.0
110.0,0.0
111.0,0.0
112.0,0.0
113.0,0.0
114.0,0.0
115.0,0.0
116.0,0.0
117.0,0.0
118.0,0.0
119.0,0.0
120.0,0.0
121.0,0.0
122.0,0.0
123.0,0.0
124.0,0.0
125.0,0.0
126.0,0.0
127.0,0.0
128.0,0.0
129.0,0.009590843381969999
130.0,0.044230154405033334
131.0,0.08040797462066666
132.0,0.09848885238153333
133.0,0.12381386011833333
134.0,0.1473264992235
135.0,0.18350164095566668
136.0,0.234146306912
137.0,0.2648896872993333
138.0,0.28298127651233335
139.0,0.273938154181
140.0,0.03644900520633333
141.0,0.0
142.0,0.0
143.0,0.0
144.0,0.0
145.0,0.0
146.0,0.0
147.0,0.0
148.0,0.0
149.0,0.0
150.0,0.0
151.0,0.013210231438266667
152.0,0.0297633099059
153.0,0.038801072786233334
154.0,0.052373778075
155.0,0.10210823764396666
156.0,0.18712102870133332
157.0,0.20340291659033335
158.0,0.10726613551366666
159.0,0.005700268472233334
160.0,0.05508296440046667
161.0,0.09306512524666667
162.0,0.114770742754
163.0,0.13104728360966666
164.0,0.14190544187999998
165.0,0.14190544187999998
166.0,0.14190544187999998
167.0,0.14190544187999998
168.0,0.14190544187999998
169.0,0.14190544187999998
170.0,0.14190544187999998
171.0,0.14190544187999998
172.0,0.14371513823666668
173.0,0.14552483459333335
174.0,0.14371513823666668
175.0,0.144619986415
176.0,0.14371513823666668
177.0,0.14552483459333335
178.0,0.14371513823666668
179.0,0.14552483459333335
180.0,0.14371513823666668
181.0,0.08221766849343333
182.0,0.0333773450305
183.0,0.0
184.0,0.0
185.0,0.0
186.0,0.0
187.0,0.0
188.0,0.0
189.0,0.0
190.0,0.0
191.0,0.0
192.0,0.0
193.0,0.0258727359275
194.0,0.08583170175549999
195.0,0.09848885238169999
196.0,0.09125542889036665
197.0,0.022524534103770005
198.0,0.00027654052246366665
199.0,0.0
200.0,0.0
201.0,0.0
202.0,0.0
203.0,0.0
204.0,0.0
205.0,0.0
206.0,0.0
207.0,0.0
208.0,0.0
209.0,0.0
210.0,0.0
211.0,0.0
212.0,0.0
213.0,0.0
214.0,0.0
215.0,0.00027654052246366665
216.0,0.03609456308185001
217.0,0.0550883188844
218.0,0.07497889051833333
219.0,0.09306512524683334
220.0,0.109347015619
221.0,0.12019447237233334
222.0,0.13104728360966666
223.0,0.16179602344833333
224.0,0.17988225320966666
225.0,0.19616414109866667
226.0,0.17988493293500002
227.0,0.09487481663620001
228.0,0.04965923726560001
229.0,0.005976808994697001
230.0,0.022529888277233335
231.0,0.040610766659166665
232.0,0.07678858439126666
233.0,0.09306512524683334
234.0,0.109347015619
235.0,0.12561819950733333
236.0,0.14190544684733333
237.0,0.155462093651
238.0,0.16903479893999998
239.0,0.18711567421766664
240.0,0.25404223303
241.0,0.28841035564766665
242.0,0.29564376672133336
243.0,0.304681539536
244.0,0.31553970774
245.0,0.32277311881366666
246.0,0.326381802559
247.0,0.326381802559
248.0,0.326381802559
249.0,0.326381802559
250.0,0.326381802559
251.0,0.32457746068633336
252.0,0.250422845284
253.0,0.19435444970933335
254.0,0.0912607833742
255.0,0.05146892989676666
256.0,0.0
257.0,0.0
258.0,0.0
259.0,0.0
260.0,0.0
261.0,0.0
262.0,0.0
263.0,0.0
264.0,0.0
265.0,0.0
266.0,0.0
267.0,0.0
268.0,0.0
269.0,0.0
270.0,0.0
271.0,0.0
272.0,0.0
273.0,0.0
274.0,0.002080880415936667
275.0,0.022529888277233335
276.0,0.038801072786233334
277.0,0.0568926582734
278.0,0.0795031264424
279.0,0.09306512524683334
280.0,0.114770742754
281.0,0.12742789586366665
282.0,0.12923758725333334
283.0,0.12380850811766668
284.0,0.14913887282233335
285.0,0.18712102870133332
286.0,0.217869763573
287.0,0.24499375621466668
288.0,0.25856646895400004
289.0,0.27212310830733333
290.0,0.2920243938766667
291.0,0.31553970774
292.0,0.32819149891533334
293.0,0.33000119527166666
294.0,0.32819149891533334
295.0,0.3263871570426667
296.0,0.32096343239133335
297.0,0.27936188379933335
298.0,0.2721231132745
299.0,0.21605471769966667
300.0,0.15817663570233334
301.0,0.14552483459333335
302.0,0.14371513823666668
303.0,0.09307047973066666
304.0,0.06231638540823333
305.0,0.0
306.0,0.013486771960730332
307.0,0.0424204605321
308.0,0.09486946463570001
309.0,0.188028551638
310.0,0.23595599830133338
311.0,0.28298127651233335
312.0,0.29925780495033333
313.0,0.3119203249613333
314.0,0.29925780495033333
315.0,0.20520190397900004
316.0,0.011123996227966665
317.0,0.0388064266493
318.0,0.10934701561923332
319.0,0.20701427757750002
320.0,0.266699378689
321.0,0.310110628605
322.0,0.17988760749979701
323.0,0.0
324.0,0.005971455015236667
325.0,0.022529888277233335
326.0,0.038801072786233334
327.0,0.0550883188844
328.0,0.07135950028896666
329.0,0.08493221178650001
330.0,0.09848885238153333
331.0,0.114770742754
332.0,0.136476367712
333.0,0.16179602344833333
334.0,0.17988225320966666
335.0,0.19616414109866667
336.0,0.20882665117566668
337.0,0.14913351585463333
338.0,0.07135950028896666
339.0,0.027682429800433336
340.0,0.011264944449049998
341.0,0.07678858439126666
342.0,0.14370978375266666
343.0,0.22691288590433334
344.0,0.28841035564766665
345.0,0.3046815395356666
346.0,0.2793618837993334
347.0,0.16179602344833335
348.0,0.0367201901972
349.0,0.007786503488496999
350.0,0.0469446964562
351.0,0.08221231400966666
352.0,0.11838477849933333
353.0,0.147329176466
354.0,0.18712102870133332
355.0,0.20701695481933333
356.0,0.2269128809373334
357.0,0.24499375621466668
358.0,0.26850908001266666
359.0,0.28841035564766665
360.0,0.2911248952155
361.0,0.2902200520043334
362.0,0.28841035564766665
363.0,0.26488968729966667
364.0,0.197973842422
365.0,0.10210823764413333
366.0,0.06051204601926666
367.0,0.027953615838963664
368.0,0.0
369.0,0.0
370.0,0.0023574209384003334
371.0,0.014386264607300001
372.0,0.02795361603296666
373.0,0.044230155646799996
374.0,0.060512046019266665
375.0,0.06593577315413333
376.0,0.08221766849356667
377.0,0.09848885238153333
378.0,0.114770742754
379.0,0.13104728360966666
380.0,0.14732917646566668
381.0,0.1690348014235
382.0,0.201587870717
383.0,0.234146306912
384.0,0.25585192441933335
385.0,0.2685037255283333
386.0,0.27031341195066666
387.0,0.27212310830733333
388.0,0.2956437766556667
389.0,0.29383409023266666
390.0,0.176268219948
391.0,0.15275558084250002
392.0,0.09126078585766667
393.0,0.11839013049989999
394.0,0.18169194459899998
395.0,0.16903479893999998
396.0,0.112961048881
397.0,0.08764139811196665
398.0,0.09306512524683334
399.0,0.109347015619
400.0,0.12561819950733333
401.0,0.12742789586366665
402.0,0.1283327415585
403.0,0.12923758725333334
404.0,0.12742789586366665
405.0,0.12923758725333334
406.0,0.13104728360966666
407.0,0.16180137793233332
408.0,0.185305977861
409.0,0.18711567421733333
410.0,0.18892536560666665
411.0,0.18711567421733333
412.0,0.188020519912
413.0,0.18892536560666665
414.0,0.18711567421733333
415.0,0.18892536560666665
416.0,0.18711567421733333
417.0,0.18892536560666665
418.0,0.18711567421733333
419.0,0.18892536560666665
420.0,0.18711567421733333
421.0,0.18892536560666665
422.0,0.188020519912
423.0,0.18711567421733333
424.0,0.18892536560666665
425.0,0.18711567421733333
426.0,0.18892536560666665
427.0,0.18711567421733333
428.0,0.18892536560666665
429.0,0.18711567421733333
430.0,0.18892536560666665
431.0,0.18711567421733333
432.0,0.188020519912
433.0,0.09849420438203332
434.0,0.005700268472233334
435.0,0.0
436.0,0.005971455015236667
437.0,0.022529888277233335
438.0,0.038801072786233334
439.0,0.0623217398922
440.0,0.08764139811196668
441.0,0.109347015619
442.0,0.10753196726223334
443.0,0.0903532616794
444.0,0.03157300408930334
445.0,0.0
446.0,0.0
447.0,0.0
448.0,0.008057689410633668
449.0,0.031567650536666665
450.0,0.051468931138533326
451.0,0.06774011254313334
452.0,0.06954980641606667
453.0,0.030665480531749997
454.0,0.0005530810449273333
455.0,0.011671723487469999
456.0,0.02795361603296666
457.0,0.044230155646799996
458.0,0.060512046019266665
459.0,0.06593577315413333
460.0,0.08221766849356667
461.0,0.09848885238153333
462.0,0.114770742754
463.0,0.1283327415585
464.0,0.14190544684733333
465.0,0.15817663570233334
466.0,0.17445852359133332
467.0,0.19073506196333334
468.0,0.20701695481933333
469.0,0.22329349319133332
470.0,0.24137972295266666
471.0,0.2612756590046667
472.0,0.2775521874426667
473.0,0.293834080299
474.0,0.3073960840705
475.0,0.31734940409633333
476.0,0.3263871570426667
477.0,0.34266904989899993
478.0,0.3589455982046667
479.0,0.37884150942166667
480.0,0.415013978879
481.0,0.43491526444766665
482.0,0.4132042825223334
483.0,0.3227784732976666
484.0,0.28026673197749996
485.0,0.194354454676
486.0,0.031296463062366664
487.0,0.002080880415936667
488.0,0.0424204605321
489.0,0.060512046019266665
490.0,0.07678858439126666
491.0,0.09306512524683334
492.0,0.109347015619
493.0,0.12561819950733333
494.0,0.139190904796
495.0,0.15275290608400002
496.0,0.16903479893999998
497.0,0.185305977861
498.0,0.201593225201
499.0,0.21786441405600002
500.0,0.22329349319133338
501.0,0.185311337312
502.0,0.16722510258366666
503.0,0.1310472836099
504.0,0.06232174113393333
505.0,0.0
506.0,0.002080880415936667
507.0,0.0713648572564
508.0,0.10030390073853335
509.0,0.15818198521933333
510.0,0.17988225320966666
511.0,0.19616414109866667
512.0,0.19616414109866667
513.0,0.11115670949203334
514.0,0.0641260792812
515.0,0.00855040270835
516.0,0.034910496324299996
517.0,0.12561819950723332
518.0,0.20339756707333334
519.0,0.246803452571
520.0,0.29383408029900004
521.0,0.31553970774
522.0,0.32457746068633336
523.0,0.34266904989866664
524.0,0.36436932285600004
525.0,0.3562337309125
526.0,0.270318776369
527.0,0.21425037582700002
528.0,0.05870235245666999
529.0,0.0
530.0,0.002080880415936667
531.0,0.017100806037566665
532.0,0.033377344409599996
533.0,0.060512046019266665
534.0,0.08764139811196668
535.0,0.112961048881
536.0,0.1283327415585
537.0,0.14190544684733333
538.0,0.15094321469466668
539.0,0.15998632709166666
540.0,0.15637229382999998
541.0,0.11115135749156664
542.0,0.04784954401353334
543.0,0.00027654052246366665
544.0,0.0
545.0,0.0
546.0,0.0004148107836955
547.0,0.011671723487469999
548.0,0.02795361603296666
549.0,0.044230155646799996
550.0,0.060512046019266665
551.0,0.07678858439126666
552.0,0.09306512524683334
553.0,0.11477074523733333
554.0,0.18350164095566668
555.0,0.20701695481933333
556.0,0.21514987200500002
557.0,0.22329349319133332
558.0,0.23957003156333334
559.0,0.25585192441933335
560.0,0.27212310830733333
561.0,0.29021469751999995
562.0,0.319153736035
563.0,0.33000119527166666
564.0,0.319153736035
565.0,0.27393280466366665
566.0,0.23957003156333334
567.0,0.193449601531
568.0,0.12019982685633333
569.0,0.09306512524683334
570.0,0.07497889051833333
571.0,0.0315730050206
572.0,0.011671723487470002
573.0,0.00027654052246366665
574.0,0.0
575.0,0.0
576.0,0.0
577.0,0.0
578.0,0.0
579.0,0.0
580.0,0.0
581.0,0.0
582.0,0.015296465833663668
583.0,0.05870235214629999
584.0,0.09848885238153333
585.0,0.10029854625446666
586.0,0.10210824012723334
587.0,0.10120339319085
588.0,0.10029854625446666
589.0,0.10210824012723334
590.0,0.10029854625446666
591.0,0.07678858439126666
592.0,0.024334227666233332
593.0,0.002080880415936667
594.0,0.0
595.0,0.0
596.0,0.0
597.0,0.0
598.0,0.0
599.0,0.0
600.0,0.0
601.0,0.0
602.0,0.0
603.0,0.0
604.0,0.0
605.0,0.0
606.0,0.0
607.0,0.0023574209384003334
608.0,0.014386264607300001
609.0,0.03699673339723334
610.0,0.0550883188844
611.0,0.07135950028896666
612.0,0.08040797462063333
613.0,0.07859827826416667
614.0,0.08040797462063333
615.0,0.08945109198489999
616.0,0.1021082401273
617.0,0.13466667135566668
618.0,0.16632025688899998
619.0,0.1907350569963333
620.0,0.21244068443766664
621.0,0.20882129669166669
622.0,0.17988225320966666
623.0,0.16179602344833333
624.0,0.15998632709166666
625.0,0.15998632709166666
626.0,0.15817663570233334
627.0,0.140095750491
628.0,0.1229036599395
629.0,0.09848885238153333
630.0,0.08221766849356667
631.0,0.06593577315413333
632.0,0.046039849519733334
633.0,0.02795361603296666
634.0,0.008057689410633668
635.0,0.0
636.0,0.0
637.0,0.0
638.0,0.0
639.0,0.0
640.0,0.0
641.0,0.0
642.0,0.0
643.0,0.0
644.0,0.0
645.0,0.0
646.0,0.0
647.0,0.0
648.0,0.0
649.0,-0.049643175676500007
650.0,-0.09304906179506667
651.0,-0.10028248280293332
652.0,-0.03670948340246666
653.0,0.0
654.0,-0.013199523091333334
655.0,-0.0279429070652
656.0,-0.0279429070652
657.0,-0.024323519319333336
658.0,-0.0023467128048663332
659.0,0.0
660.0,0.0
661.0,0.0
662.0,-0.016813557595033335
663.0,-0.074968184034
664.0,-0.112944987913
665.0,-0.13103122015799998
666.0,-0.14731311301366667
667.0,-0.1744424651066667
668.0,-0.196148082614
669.0,-0.21242462098599998
670.0,-0.225991971791
671.0,-0.19795777400366665
672.0,-0.15273684263233334
673.0,-0.09847278893003332
674.0,-0.05118168145416666
675.0,0.0
676.0,0.0
677.0,0.0
678.0,0.0
679.0,0.0
680.0,0.0
681.0,0.0
682.0,0.0
683.0,0.0
684.0,0.0
685.0,0.0
686.0,0.0
687.0,0.0
688.0,0.0
689.0,0.0
690.0,0.0
691.0,0.0038905745992999998
692.0,0.02795361603296666
693.0,0.046039849519733334
694.0,0.06593577315413333
695.0,0.0894510895012
696.0,0.13466667135566668
697.0,0.15817663570233334
698.0,0.1762682199476667
699.0,0.19616414109866667
700.0,0.21244068443766664
701.0,0.22600803524250002
702.0,0.23957003156333334
703.0,0.25585192441933335
704.0,0.27212310830733333
705.0,0.28479097286866667
706.0,0.28660066922533334
707.0,0.28660066922533334
708.0,0.2685090800123333
709.0,0.24318941930933335
710.0,0.2287225772936667
711.0,0.2015851959585
712.0,0.06565923243756666
713.0,0.0
714.0,0.0
715.0,0.0023574209384003334
716.0,0.017100806037566665
717.0,0.033377344409599996
718.0,0.0496592372656
719.0,0.06593577315413333
720.0,0.08221766849356667
721.0,0.0957743115723
722.0,0.09848885238153333
723.0,0.10029854625446666
724.0,0.10210824012723334
725.0,0.105727627873
726.0,0.1364763652283333
727.0,0.22872257232666668
728.0,0.2811715801556667
729.0,0.28479097286866667
730.0,0.28660066922533334
731.0,0.285695821047
732.0,0.28479097286866667
733.0,0.28479097286866667
734.0,0.28660066922533334
735.0,0.2757425010203333
736.0,0.24318941930933333
737.0,0.12381921211880002
738.0,0.0
739.0,0.0
740.0,0.0
741.0,0.0
742.0,0.0
743.0,0.00027654052246366665
744.0,0.015291111854203334
745.0,0.0496538815399
746.0,0.08583170175549999
747.0,0.111151355008
748.0,0.14913351833833335
749.0,0.17445852359133332
750.0,0.19073506196333334
751.0,0.21425037582733333
752.0,0.244993753731
753.0,0.26850908001233337
754.0,0.28479096293466666
755.0,0.21967945992933335
756.0,0.18711567421766664
757.0,0.174463883042
758.0,0.17265418668566668
759.0,0.15456259747333334
760.0,0.029215584198633335
761.0,0.0
762.0,0.0
763.0,0.0
764.0,0.0
765.0,0.00027654052246366665
766.0,0.011671723487469999
767.0,0.02795361603296666
768.0,0.044230155646799996
769.0,0.060512046019266665
770.0,0.06954980641606667
771.0,0.08221766849356667
772.0,0.09848885238153333
773.0,0.11206155642849999
774.0,0.12561819950733333
775.0,0.14190544684733333
776.0,0.15817663570233334
777.0,0.16360571483766664
778.0,0.169034793973
779.0,0.169034793973
780.0,0.169034793973
781.0,0.165415406227
782.0,0.14732917646566668
783.0,0.13376182317750002
784.0,0.10391257951653333
785.0,0.062321742375700005
786.0,0.02795361603296666
787.0,0.002080880415936667
788.0,0.0
789.0,0.0
790.0,0.0
791.0,0.0
792.0,0.0
793.0,0.0
794.0,0.0
795.0,0.0
796.0,0.0
797.0,0.0
798.0,0.0
799.0,0.0
800.0,0.0
801.0,0.0
802.0,0.0
803.0,0.0
804.0,0.0
805.0,0.0
806.0,0.0
807.0,0.0
808.0,0.0
809.0,0.0
810.0,0.006247995537700334
811.0,0.020720194404299997
812.0,0.02795361603296666
813.0,0.036991378913299997
814.0,0.0469446964562
815.0,0.060512046019266665
816.0,0.07678858439126666
817.0,0.09306512524683334
818.0,0.112961048881
819.0,0.13285697499899998
820.0,0.15275290608400002
821.0,0.16903479893999998
822.0,0.1834962864716667
823.0,0.190735056996
824.0,0.193449601531
825.0,0.19435444970933333
826.0,0.19978352884466669
827.0,0.20159322023399998
828.0,0.18712102373433334
829.0,0.07316919664533333
830.0,0.017100806037566665
831.0,0.0023574209384003334
832.0,0.0
833.0,0.0
834.0,0.0
835.0,0.0
836.0,0.0
837.0,0.0
838.0,0.0
839.0,0.0
840.0,0.0
841.0,0.00027654052246366665
842.0,0.011671723487469999
843.0,0.033377344409599996
844.0,0.062316385408266665
845.0,0.08493221178650001
846.0,0.09848885238153333
847.0,0.114770742754
848.0,0.13104728360966666
849.0,0.14732917646566668
850.0,0.15094321469466668
851.0,0.15094321469466668
852.0,0.152747556567
853.0,0.149133518338
854.0,0.10753196726223334
855.0,0.09848885238169999
856.0,0.09848885238169998
857.0,0.09848885238169998
858.0,0.09848885238169998
859.0,0.10391793400023334
860.0,0.116580436627
861.0,0.12742789586366665
862.0,0.14009575049066667
863.0,0.14371513823666668
864.0,0.15275290608400002
865.0,0.1690348014235
866.0,0.185305977861
867.0,0.19254475335266666
868.0,0.19616414606600005
869.0,0.19616414606600005
870.0,0.19616414606600005
871.0,0.19616414606600005
872.0,0.19616414606600005
873.0,0.19978352884466669
874.0,0.19797383745533334
875.0,0.17988224824266666
876.0,0.14190544933100002
877.0,0.12561819950733333
878.0,0.11658043662700002
879.0,0.11658043662700002
880.0,0.11296640336500001
881.0,0.09848885238153333
882.0,0.05689265951513334
883.0,0.005700268472233334
884.0,0.0
885.0,0.0
886.0,0.0
887.0,0.0
888.0,0.0
889.0,0.0
890.0,0.0
891.0,0.0
892.0,0.0
893.0,0.0
894.0,0.007781148888170001
895.0,0.02795361603296666
896.0,0.0415156148374
897.0,0.040610767900933334
898.0,0.044230155646800016
899.0,0.044230155646800016
900.0,0.044230155646800016
901.0,0.044230155646800016
902.0,0.044230155646800016
903.0,0.051468931138533326
904.0,0.060512046019266665
905.0,0.06774011254313334
906.0,0.08221766849356667
907.0,0.0957743115723
908.0,0.105727627873
909.0,0.11296640336500001
910.0,0.118384776016
911.0,0.12380850811766668
912.0,0.12923758725333334
913.0,0.14371513823666668
914.0,0.15275290608400002
915.0,0.16179602344833333
916.0,0.163605719805
917.0,0.16632025688899998
918.0,0.17084449032933335
919.0,0.174463883042
920.0,0.174463883042
921.0,0.17265418668566668
922.0,0.0966791597503
923.0,0.0
924.0,0.0
925.0,0.0
926.0,0.0
927.0,0.0
928.0,0.0
929.0,0.0
930.0,0.0
931.0,0.0
932.0,0.0
933.0,0.0
934.0,0.0150199253112
935.0,0.044230155646799996
936.0,0.053278625011466664
937.0,0.0550883188844
938.0,0.04423818551005
939.0,0.002080880415936667
940.0,0.0
941.0,0.0
942.0,0.0
943.0,0.0005530810449273333
944.0,0.0023574209384003334
945.0,0.020720194404299997
946.0,0.0424204605321
947.0,0.060512046019266665
948.0,0.06322390958669999
949.0,0.07678858439126666
950.0,0.09306512524683334
951.0,0.111151355008
952.0,0.14370978872
953.0,0.17626821994766664
954.0,0.2124406844376667
955.0,0.241379722953
956.0,0.2612756590046667
957.0,0.2775521874426667
958.0,0.293831408024
959.0,0.310110628605
960.0,0.3191590905186667
961.0,0.3318108916283333
962.0,0.34809812903399995
963.0,0.35894024372100003
964.0,0.3535218636193333
965.0,0.3137246568996666
966.0,0.12381386011840001
967.0,0.035187038282533334
968.0,0.002080880415936667
969.0,0.0
970.0,0.0
971.0,0.0
972.0,0.0038905745992999998
973.0,0.047849543392666664
974.0,0.07497889051833333
975.0,0.09306512524683334
976.0,0.11839013298333334
977.0,0.17807255685333334
978.0,0.20701695481933333
979.0,0.23143711686150004
980.0,0.24137436846866667
981.0,0.2431840648253333
982.0,0.24137436846866667
983.0,0.2431840648253333
984.0,0.24137436846866667
985.0,0.23595599830133338
986.0,0.221483801802
987.0,0.20159322520099998
988.0,0.174458523591
989.0,0.1283327415585
990.0,0.12199881176133333
991.0,0.12380850811766668
992.0,0.12199881176133333
993.0,0.12380850811766668
994.0,0.12199881176133333
995.0,0.12380850811766668
996.0,0.12199881176133333
997.0,0.12380850811766668
998.0,0.12199881176133333
999.0,0.12380850811766668
1000.0,0.1229036599395
1001.0,0.12199881176133333
1002.0,0.031019923587633336
1003.0,0.0
1004.0,0.0
1005.0,0.0
1006.0,0.0
1007.0,0.0
1008.0,0.0
1009.0,0.0
1010.0,0.0
1011.0,0.0
1012.0,0.0
1013.0,0.0
1014.0,0.0
1015.0,0.0
1016.0,0.0
1017.0,0.0
1018.0,0.0
1019.0,0.0023574209384003334
1020.0,0.0198153471574
1021.0,0.044230154405033334
1022.0,0.06955516089996666
1023.0,0.08764139811196668
1024.0,0.09306512524683334
1025.0,0.09667915850876667
1026.0,0.10029854625446666
1027.0,0.109347015619
1028.0,0.12561819950733333
1029.0,0.14190544684733333
1030.0,0.15004104375850003
1031.0,0.16360571483766664
1032.0,0.17988225320966666
1033.0,0.19616414109866667
1034.0,0.207022309303
1035.0,0.207022309303
1036.0,0.207022309303
1037.0,0.207022309303
1038.0,0.18712102870133332
1039.0,0.149138867855
1040.0,0.12381386260166666
1041.0,0.07950312644245
1042.0,0.014743385215600003
1043.0,0.0
1044.0,0.0
1045.0,0.0
1046.0,0.0
1047.0,0.0
1048.0,0.0
1049.0,0.0
1050.0,0.0
1051.0,0.0
1052.0,0.006247995537700334
1053.0,0.022529888277233335
1054.0,0.038801072786233334
1055.0,0.0550883188844
1056.0,0.07135950028896666
1057.0,0.08764139811196668
1058.0,0.10391793400023334
1059.0,0.12019447237233334
1060.0,0.136476362745
1061.0,0.15004104375850003
1062.0,0.15998632709166666
1063.0,0.16179602344833333
1064.0,0.17445852359133332
1065.0,0.19073506196333334
1066.0,0.18893072009066667
1067.0,0.149138867855
1068.0,0.13104728360966666
1069.0,0.118384776016
1070.0,0.12199881176133333
1071.0,0.12199881176133333
1072.0,0.125618204474
1073.0,0.125618204474
1074.0,0.125618204474
1075.0,0.125618204474
1076.0,0.125618204474
1077.0,0.125618204474
1078.0,0.125618204474
1079.0,0.125618204474
1080.0,0.125618204474
1081.0,0.125618204474
1082.0,0.125618204474
1083.0,0.125618204474
1084.0,0.125618204474
1085.0,0.12742789586366665
1086.0,0.12742789586366665
1087.0,0.12923758725333334
1088.0,0.125618204474
1089.0,0.12923758725333334
1090.0,0.12742789586366665
1091.0,0.12742789586366665
1092.0,0.1283327415585
1093.0,0.12742789586366665
1094.0,0.136476362745
1095.0,0.15275290608400002
1096.0,0.17445852359133332
1097.0,0.19797383248799996
1098.0,0.19616414109866667
1099.0,0.17264883220166669
1100.0,0.12923758725299997
1101.0,0.10029854625453333
1102.0,0.07317455112936666
1103.0,0.03338002227245
1104.0,0.002080880415936667
1105.0,0.0
1106.0,0.0
1107.0,0.0
1108.0,0.0
1109.0,0.0
1110.0,0.002080880415936667
1111.0,0.022529888277233335
1112.0,0.038801072786233334
1113.0,0.0415156148374
1114.0,0.040610767900933334
1115.0,0.04242046177386668
1116.0,0.040610767900933334
1117.0,0.0496592372656
1118.0,0.06593577315413333
1119.0,0.08221766849356667
1120.0,0.09848885238153333
1121.0,0.114770742754
1122.0,0.12380850811766668
1123.0,0.13376182317750002
1124.0,0.14732917646566668
1125.0,0.158176630735
1126.0,0.158176630735
1127.0,0.158176630735
1128.0,0.158176630735
1129.0,0.158176630735
1130.0,0.13828070710066667
1131.0,0.04784954215086667
1132.0,0.0
1133.0,0.0
1134.0,0.0
1135.0,0.0
1136.0,0.0
1137.0,0.0
1138.0,0.0
1139.0,0.06050669277706666
1140.0,0.1021082401273
1141.0,0.12562355150766666
1142.0,0.18169194459899998
1143.0,0.19797383745533334
1144.0,0.2043077647685
1145.0,0.207022309303
1146.0,0.21063099304833333
1147.0,0.212435334921
1148.0,0.212435334921
1149.0,0.212435334921
1150.0,0.212435334921
1151.0,0.21063099304833333
1152.0,0.212435334921
1153.0,0.212435334921
1154.0,0.163605712354
1155.0,0.029486768568566666
1156.0,0.0
1157.0,0.0
1158.0,0.0
1159.0,0.0
1160.0,0.0
1161.0,0.0
1162.0,0.0
1163.0,0.0
1164.0,0.0
1165.0,0.0
1166.0,0.0
1167.0,0.0
1168.0,0.0
1169.0,0.0
1170.0,0.0478495421509
1171.0,0.07678858439126666
1172.0,0.08583705872296667
1173.0,0.08583705872296667
1174.0,0.0876467525959
1175.0,0.0876467525959
1176.0,0.0876467525959
1177.0,0.0876467525959
1178.0,0.0876467525959
1179.0,0.0876467525959
1180.0,0.0876467525959
1181.0,0.0876467525959
1182.0,0.0876467525959
1183.0,0.09306512524683334
1184.0,0.09848885238153333
1185.0,0.11206155642849999
1186.0,0.12561819950733333
1187.0,0.14190544684733333
1188.0,0.14551948507633336
1189.0,0.11115135749156664
1190.0,0.08764139811196665
1191.0,0.05508296440046667
1192.0,0.011677078087796998
1193.0,0.0
1194.0,0.0
1195.0,0.0
1196.0,0.0
1197.0,0.0
1198.0,0.0038905745992999998
1199.0,0.0424204605321
1200.0,0.060512046019266665
1201.0,0.0641260792812
1202.0,0.06774011254313334
1203.0,0.06954980641606667
1204.0,0.06954980641606666
1205.0,0.06954980641606667
1206.0,0.0686449594796
1207.0,0.071359500289
1208.0,0.071359500289
1209.0,0.06954980641606667
1210.0,0.071359500289
1211.0,0.08040797462063333
1212.0,0.0948748191196
1213.0,0.114770742754
1214.0,0.13104728360966666
1215.0,0.14190544187999998
1216.0,0.14733453095000001
1217.0,0.14913887282233335
1218.0,0.14913887282233337
1219.0,0.15094321469466668
1220.0,0.15094321469466668
1221.0,0.15455724795633333
1222.0,0.15636693934566667
1223.0,0.15455724795633333
1224.0,0.152747556567
1225.0,0.152747556567
1226.0,0.11748260632150001
1227.0,0.0421492755413
1228.0,0.0
1229.0,0.0
1230.0,0.0
1231.0,0.0
1232.0,0.0
1233.0,0.0
1234.0,0.0
1235.0,0.0
1236.0,0.0
1237.0,0.0
1238.0,0.0
1239.0,0.0
1240.0,0.0
1241.0,0.0
1242.0,0.0
1243.0,0.0
1244.0,0.0
1245.0,0.0
1246.0,0.0
1247.0,0.0
1248.0,0.0
1249.0,0.0
1250.0,0.0
1251.0,0.0
1252.0,0.0
1253.0,0.0
1254.0,0.006247995537700334
1255.0,0.022529888277233335
1256.0,0.044230155646799996
1257.0,0.0578028596938
1258.0,0.07135950028896666
1259.0,0.08764139811196668
1260.0,0.112961048881
1261.0,0.13828070958433333
1262.0,0.18531133731200003
1263.0,0.20701695481933333
1264.0,0.22329349319133332
1265.0,0.24499375621466668
1266.0,0.2612756590046667
1267.0,0.2775521874426667
1268.0,0.2911248952155
1269.0,0.3046815395356666
1270.0,0.32096343239133335
1271.0,0.33723997076366663
1272.0,0.3499078253903333
1273.0,0.3553315599756666
1274.0,0.36979840199133335
1275.0,0.391498665015
1276.0,0.41682367523533337
1277.0,0.440338989099
1278.0,0.445757359266
1279.0,0.4475670556226667
1280.0,0.4493767519793333
1281.0,0.4493767519793333
1282.0,0.38245554765066675
1283.0,0.30468153953533333
1284.0,0.14009039724863334
1285.0,0.0
1286.0,0.0
1287.0,0.0
1288.0,0.0
1289.0,0.0
1290.0,0.0
1291.0,0.0
1292.0,0.0
1293.0,0.0
1294.0,0.0
1295.0,0.007781148888170001
1296.0,0.033377344409599996
1297.0,0.0496592372656
1298.0,0.06322390958669999
1299.0,0.06593577315413333
1300.0,0.07859827826416667
1301.0,0.09306512524683334
1302.0,0.109347015619
1303.0,0.118384776016
1304.0,0.13104728360966666
1305.0,0.14732917646566668
1306.0,0.16360571483766664
1307.0,0.17988225320966666
1308.0,0.19616414109866667
1309.0,0.209728822112
1310.0,0.22510318954766664
1311.0,0.24499375621466668
1312.0,0.26850908001266666
1313.0,0.28841035564766665
1314.0,0.30287184317933336
1315.0,0.221483796835
1316.0,0.10753196726223334
1317.0,0.09848885238169998
1318.0,0.018362772961466666
1319.0,0.0
1320.0,0.0
1321.0,0.0
1322.0,0.0
1323.0,0.0
1324.0,0.0
1325.0,0.0
1326.0,0.0
1327.0,0.0
1328.0,0.0
1329.0,0.0
1330.0,0.0038905745992999998
1331.0,0.031567650536666665
1332.0,0.051468931138533326
1333.0,0.07497889051833333
1334.0,0.08402736485003333
1335.0,0.08583705872296667
1336.0,0.08402736485003333
1337.0,0.08583705872296667
1338.0,0.08583705872296667
1339.0,0.0876467525959
1340.0,0.0876467525959
1341.0,0.0876467525959
1342.0,0.0876467525959
1343.0,0.0876467525959
1344.0,0.0876467525959
1345.0,0.0876467525959
1346.0,0.0876467525959
1347.0,0.0876467525959
1348.0,0.0876467525959
1349.0,0.0876467525959
1350.0,0.0876467525959
1351.0,0.0876467525959
1352.0,0.0876467525959
1353.0,0.07136485973993334
1354.0,0.0
1355.0,0.0
1356.0,0.0
1357.0,0.0
1358.0,0.0
1359.0,0.0
1360.0,0.0
1361.0,0.0
1362.0,0.0
1363.0,0.0
1364.0,0.0
1365.0,0.0
1366.0,0.0
1367.0,0.0
1368.0,0.0
1369.0,0.0
1370.0,0.00027654052246366665
1371.0,0.014386264607300001
1372.0,0.02795361603296666
1373.0,0.044230155646799996
1374.0,0.060512046019266665
1375.0,0.0785982782642
1376.0,0.09848885238153333
1377.0,0.111156709492
1378.0,0.111156709492
1379.0,0.12019447237233334
1380.0,0.17446387807533337
1381.0,0.23414362967000002
1382.0,0.270318766435
1383.0,0.2811715801556667
1384.0,0.24137972295266666
1385.0,0.23053226868333335
1386.0,0.13828070710106666
1387.0,0.0
1388.0,0.0
1389.0,0.0
1390.0,0.0
1391.0,0.0
1392.0,0.0
1393.0,0.0
1394.0,0.0
1395.0,0.0
1396.0,0.0
1397.0,0.0
1398.0,0.0
1399.0,0.0
1400.0,0.0
1401.0,0.0
1402.0,0.0
1403.0,0.0
1404.0,0.0
1405.0,0.0
1406.0,0.0
1407.0,0.0
1408.0,0.0
1409.0,0.0
1410.0,0.0023574209384003334
1411.0,0.015291111543766667
1412.0,0.0198153471574
1413.0,0.033377344409599996
1414.0,0.038801074027999996
1415.0,0.038801074027999996
1416.0,0.038801074027999996
1417.0,0.038801074027999996
1418.0,0.038801074027999996
1419.0,0.0
1420.0,0.0
1421.0,0.0
1422.0,0.0
1423.0,0.0
1424.0,0.0
1425.0,0.0
1426.0,0.0
1427.0,0.0
1428.0,0.0
1429.0,0.0
1430.0,0.0
1431.0,0.0
1432.0,0.0
1433.0,0.0
1434.0,0.0
1435.0,0.0
1436.0,0.0
1437.0,0.0
1438.0,0.0
1439.0,0.0
1440.0,0.0
1441.0,0.0
1442.0,0.0
1443.0,0.0
1444.0,0.0
1445.0,0.0
1446.0,0.0
1447.0,0.0
1448.0,0.0
1449.0,0.0
1450.0,0.0
1451.0,0.0
1452.0,0.0
1453.0,0.0
1454.0,0.0
1455.0,0.0
1456.0,0.0
1457.0,0.0
1458.0,0.0
1459.0,0.0
1460.0,0.0
1461.0,0.0
1462.0,0.0
1463.0,0.0
1464.0,0.011677078087797
1465.0,0.044230154405033334
1466.0,0.07678858439126666
1467.0,0.09306512524683334
1468.0,0.109347015619
1469.0,0.12561819950733333
1470.0,0.14190544684733333
1471.0,0.15817663570233334
1472.0,0.17445852359133332
1473.0,0.19073506196333334
1474.0,0.2043077647685
1475.0,0.22509783506366668
1476.0,0.2685090700783333
1477.0,0.301067511241
1478.0,0.32096343239133335
1479.0,0.32277311881366666
1480.0,0.3227731188136667
1481.0,0.32457746068633336
1482.0,0.3227731188136667
1483.0,0.30830093224833327
1484.0,0.2911248952155
1485.0,0.26850908001266666
1486.0,0.23957003156333334
1487.0,0.22329349319133338
1488.0,0.20520726343000004
1489.0,0.18892536560666665
1490.0,0.07678858811639999
1491.0,0.0
1492.0,0.0
1493.0,0.0
1494.0,0.0
1495.0,0.0
1496.0,0.0
1497.0,0.0
1498.0,0.0
1499.0,0.0
1500.0,0.0
1501.0,0.0
1502.0,0.0
1503.0,0.0
1504.0,0.018910500220936665
1505.0,0.03608653135595
1506.0,0.046039849519733334
1507.0,0.0550883188844
1508.0,0.062321739892199995
1509.0,0.07678858439126666
1510.0,0.09306512524683334
1511.0,0.109347015619
1512.0,0.12561819950733333
1513.0,0.14190544684733333
1514.0,0.15817663570233334
1515.0,0.17174933850750002
1516.0,0.185305977861
1517.0,0.19435444970933333
1518.0,0.19254475335266666
1519.0,0.19435444970933333
1520.0,0.20159322023399998
1521.0,0.20159322023399998
1522.0,0.1835069904726667
1523.0,0.0822176684935
1524.0,0.044230155646799996
1525.0,0.00583586189895
1526.0,0.0
1527.0,0.0
1528.0,0.0
1529.0,0.0
1530.0,0.0
1531.0,0.0
1532.0,0.006247995537700334
1533.0,0.022529888277233335
1534.0,0.038801072786233334
1535.0,0.0550883188844
1536.0,0.0686449594796
1537.0,0.08221766849356667
1538.0,0.10391793400023334
1539.0,0.12019447237233334
1540.0,0.12561819950733333
1541.0,0.14190544684733333
1542.0,0.15817663570233334
1543.0,0.17445852359133332
1544.0,0.19616414109866667
1545.0,0.21244068443766664
1546.0,0.22600803524250002
1547.0,0.22872257232700002
1548.0,0.2232934931916667
1549.0,0.14732382198166669
1550.0,0.06593041991193334
1551.0,0.00027654052246366665
1552.0,0.0
1553.0,0.0
1554.0,0.0
1555.0,0.0
1556.0,0.0
1557.0,0.0
1558.0,0.0
1559.0,0.02795361665386667
1560.0,0.0695551633835
1561.0,0.09306512524683334
1562.0,0.109347015619
1563.0,0.118384776016
1564.0,0.12380850811766668
1565.0,0.136476362745
1566.0,0.14733453095000001
1567.0,0.14733453095000001
1568.0,0.14913887282233337
1569.0,0.14913887282233335
1570.0,0.14733453095000001
1571.0,0.14733453095000001
1572.0,0.12924294173733333
1573.0,0.09306512524683334
1574.0,0.047849541530000005
1575.0,0.00027654052246366665
1576.0,0.0
1577.0,0.0
1578.0,0.0
1579.0,0.0
1580.0,0.0
1581.0,0.0
1582.0,0.0
1583.0,0.0
1584.0,0.0
1585.0,0.0
1586.0,0.0
1587.0,0.0
1588.0,0.0
1589.0,0.0
1590.0,0.0
1591.0,0.0
1592.0,0.0
1593.0,0.0
1594.0,0.0
1595.0,0.0
1596.0,0.0
1597.0,0.0
1598.0,0.0
1599.0,0.0
1600.0,0.0
1601.0,0.0
1602.0,0.0
1603.0,0.0
1604.0,0.0
1605.0,0.0
1606.0,0.0
1607.0,0.0
1608.0,0.0
1609.0,0.00027654052246366665
1610.0,0.015291111854203334
1611.0,0.040610766659166665
1612.0,0.08040262013673334
1613.0,0.12743325034766664
1614.0,0.17807255685333334
1615.0,0.19435444970933333
1616.0,0.19978352884466669
1617.0,0.19797383745533334
1618.0,0.19887868315
1619.0,0.19978352884466669
1620.0,0.18712102870133332
1621.0,0.169034793973
1622.0,0.169034793973
1623.0,0.169034793973
1624.0,0.16722510258366666
1625.0,0.14732917646566668
1626.0,0.11477074523733333
1627.0,0.08221231400966666
1628.0,0.06322390958669999
1629.0,0.053278625011466664
1630.0,0.015014571758603332
1631.0,0.0
1632.0,0.0
1633.0,0.0
1634.0,0.0
1635.0,0.0
1636.0,0.0
1637.0,0.0
1638.0,0.0
1639.0,0.0
1640.0,0.0
1641.0,0.0
1642.0,0.0
1643.0,0.0
1644.0,0.0
1645.0,0.0
1646.0,0.0
1647.0,0.0
1648.0,0.0
1649.0,0.0
1650.0,0.0
1651.0,0.0
1652.0,0.0
1653.0,0.0
1654.0,0.0
1655.0,0.0
1656.0,0.009867383593997
1657.0,0.031567650536666665
1658.0,0.0568926582734
1659.0,0.07407404109835
1660.0,0.08764139811196668
1661.0,0.09667915850876667
1662.0,0.09486946463583334
1663.0,0.10029854625446666
1664.0,0.10210824012723334
1665.0,0.105727627873
1666.0,0.103917934
1667.0,0.105727627873
1668.0,0.105727627873
1669.0,0.09668451299236668
1670.0,0.01397948525845
1671.0,0.0
1672.0,0.0
1673.0,0.0
1674.0,0.0
1675.0,0.0
1676.0,0.0
1677.0,0.0
1678.0,0.0
1679.0,0.0
1680.0,0.0
1681.0,0.0
1682.0,0.0
1683.0,0.0
1684.0,0.005700268472233334
1685.0,0.05146357541283333
1686.0,0.09487481911966666
1687.0,0.12019447237233334
1688.0,0.12561819950733333
1689.0,0.12742789586366665
1690.0,0.1283327415585
1691.0,0.131047278643
1692.0,0.12742789586366665
1693.0,0.12923758725333334
1694.0,0.12742789586366665
1695.0,0.12923758725333334
1696.0,0.12923758725333334
1697.0,0.12742789586366665
1698.0,0.131047278643
1699.0,0.12742789586366665
1700.0,0.12923758725333334
1701.0,0.1283327415585
1702.0,0.12742789586366665
1703.0,0.12923758725333334
1704.0,0.12742789586366665
1705.0,0.12923758725333334
1706.0,0.12742789586366665
1707.0,0.12923758725333334
1708.0,0.12742789586366665
1709.0,0.12923758725333334
1710.0,0.12742789586366665
1711.0,0.1283327415585
1712.0,0.136476362745
1713.0,0.15637229383
1714.0,0.18712102870133332
1715.0,0.21425038079400002
1716.0,0.25042284031699996
1717.0,0.27212310830733333
1718.0,0.28841035564766665
1719.0,0.3046815395356666
1720.0,0.30649123589233335
1721.0,0.3073960840705
1722.0,0.30830093224866667
1723.0,0.30649123589233335
1724.0,0.30830093224866667
1725.0,0.310110628605
1726.0,0.29925781488433334
1727.0,0.15817663570233334
1728.0,0.08945109198490002
1729.0,0.07135950028896666
1730.0,0.04785489663483333
1731.0,0.0004148107836955
1732.0,0.0
1733.0,0.0
1734.0,0.0
1735.0,0.0
1736.0,0.0
1737.0,0.0
1738.0,-0.022508471738576664
1739.0,-0.04963781932986666
1740.0,-0.09485875566816666
1741.0,-0.13826464364933333
1742.0,-0.1771543249485
1743.0,-0.20157716671633333
1744.0,-0.2178483506043333
1745.0,-0.23955396811166665
1746.0,-0.24498304724666667
1747.0,-0.041867380340999995
1748.0,0.0
1749.0,0.0
1750.0,0.0
1751.0,0.0
1752.0,0.0
1753.0,0.0
1754.0,0.0
1755.0,0.0
1756.0,0.0
1757.0,-0.015009217138856333
1758.0,-0.0803919136524
1759.0,-0.10752125829463333
1760.0,-0.12198275327700002
1761.0,-0.1002878372868
1762.0,-0.01708474336195
1763.0,-0.00027118640718966667
1764.0,0.0
1765.0,0.0
1766.0,0.0
1767.0,0.0
1768.0,0.0
1769.0,0.0
1770.0,0.0
1771.0,0.0
1772.0,0.0
1773.0,0.0
1774.0,0.0
1775.0,0.0
1776.0,0.0
1777.0,0.0
1778.0,0.0
1779.0,0.0
1780.0,0.0
1781.0,0.00027654052246366665
1782.0,0.011671723487469999
1783.0,0.0252444297075
1784.0,0.038801072786233334
1785.0,0.0550883188844
1786.0,0.07135950028896666
1787.0,0.08764139811196668
1788.0,0.109347015619
1789.0,0.118384776016
1790.0,0.12742789586366665
1791.0,0.14190544684733333
1792.0,0.15817663570233334
1793.0,0.17174933850750002
1794.0,0.185305977861
1795.0,0.201593225201
1796.0,0.22871722280999998
1797.0,0.2648896872993333
1798.0,0.28298127651233335
1799.0,0.22691288590433334
1800.0,0.03491585267086667
1801.0,0.0
1802.0,0.0
1803.0,0.0
1804.0,0.0
1805.0,0.0
1806.0,0.0
1807.0,0.0
1808.0,0.0
1809.0,0.0
1810.0,0.0
1811.0,0.0
1812.0,0.0
1813.0,0.0
1814.0,0.008957182522855
1815.0,0.022529888277233335
1816.0,0.038801072786233334
1817.0,0.0550883188844
1818.0,0.07135950028896666
1819.0,0.08764139811196668
1820.0,0.09848885238153333
1821.0,0.114770742754
1822.0,0.1346666713553333
1823.0,0.16541541119400002
1824.0,0.188020519912
1825.0,0.19978352884466669
1826.0,0.20340291659033335
1827.0,0.21425038079400002
1828.0,0.24499375621466668
1829.0,0.2648896872993333
1830.0,0.27755218744300003
1831.0,0.27574249108633336
1832.0,0.2522271821893333
1833.0,0.2287225772936667
1834.0,0.20701695481933333
1835.0,0.185314014554
1836.0,0.10572762787336669
1837.0,0.01682426563153667
1838.0,0.0
1839.0,0.0
1840.0,0.0
1841.0,0.0
1842.0,0.0
1843.0,0.0
1844.0,0.0
1845.0,0.0
1846.0,0.0
1847.0,0.0
1848.0,0.0
1849.0,0.0
1850.0,0.0
1851.0,0.0
1852.0,0.0
1853.0,0.0
1854.0,0.0
1855.0,0.0
1856.0,0.0
1857.0,0.0
1858.0,0.0
1859.0,0.0
1860.0,0.0
1861.0,0.0
1862.0,0.0
1863.0,0.0
1864.0,0.0
1865.0,0.0
1866.0,0.0
1867.0,0.0
1868.0,0.0
1869.0,0.00027654052246366665
1870.0,0.011671723487469999
1871.0,0.02795361603296666
1872.0,0.044230155646799996
1873.0,0.07136485725643334
1874.0,0.09849420686553334
1875.0,0.12562355647466666
1876.0,0.15275558084250002
1877.0,0.16722510258366666
1878.0,0.17265418668566668
1879.0,0.1762682199476667
1880.0,0.1762682199476667
1881.0,0.17987689375899998
1882.0,0.17987689375899998
1883.0,0.17987689375899998
1884.0,0.17987689375899998
1885.0,0.17987689375899998
1886.0,0.179876893759
1887.0,0.19073506196333334
1888.0,0.20701695481933333
1889.0,0.212435334921
1890.0,0.212435334921
1891.0,0.23233660558866667
1892.0,0.2992578148843333
1893.0,0.32096343239133335
1894.0,0.32457746068633336
1895.0,0.3227731188136667
1896.0,0.326381802559
1897.0,0.326381802559
1898.0,0.3227731188136667
1899.0,0.32457746068633336
1900.0,0.2721231132746667
1901.0,0.20882665117566668
1902.0,0.18712102870133332
1903.0,0.114770742754
1904.0,0.10029854625446666
1905.0,0.10029854625446666
1906.0,0.0421492755413
1907.0,0.0
1908.0,0.0
1909.0,0.0
1910.0,0.0
1911.0,0.0
1912.0,0.0
1913.0,0.006247995537700334
1914.0,0.022529888277233335
1915.0,0.038801072786233334
1916.0,0.0550883188844
1917.0,0.07407404109835
1918.0,0.08764139811196668
1919.0,0.136476362745
1920.0,0.19435444970933333
1921.0,0.21244068443766664
1922.0,0.223293498158
1923.0,0.20882129669166669
1924.0,0.13104728360956666
1925.0,0.031296463062366664
1926.0,0.0
1927.0,0.0
1928.0,0.0
1929.0,0.0
1930.0,0.0
1931.0,0.0
1932.0,0.0
1933.0,0.0
1934.0,0.0
